row_id,risk_label,risk_label_name,subreddit,author,created_utc,timestamp,word_count,text_clean
1860,0,Mental Health Risk,mentalhealth,Klimpf,1598915474,2020-09-01 09:11:14,224,"sometimes i (m24) just get so sentimental and shit and start to feel really isolated. like i'm me and everybody else is just themselves and nobody will ever fully understand me, neither will i understand anybody else. and i just start to fear that i will never meet someone special (i know that ""the one"" doesn't exist) that i can have a genuine connection with, because i fear that something will always be off-putting. i think about all my past relationships and look up my exes and realize with most that it would've never worked out anyway, mainly because they all seem so dull nowadays. like i'm not even trying to be mean, but i feel like most of them just aren't all that interesting actually. i more often than not had fun with all of them, but it often seems to me like i didn't feel and act like myself back then, because i feared they wouldn't ""get"" me. it's just that nothing ever really clicks you know, i always find something that i dislike in someone and somehow often feel intellectually superior (i know i'm not, but i can't help the feeling). it's just so tiring sometimes, all of this effort for nothing. i just want someone to start a family with, someone i admire, someone i adore, someone i can trust."
353,0,Mental Health Risk,anxiety,OkRecommendation4830,1659208428,2022-07-31 05:13:48,278,"i know there's no diagnosing on this sub, just asking if anyone has experienced this before. i'm 19 and am currently having my third ""episode"". the first symptom i notice is when i lightly scratch myself or something of the sort, there's a lingering sensation like i'm repeatedly being scratched. i feel physically and mentally distant. this time, it isn't too bad, like i'm still here at least but i'm just a bit distant. the other times, i felt like i was almost trapped inside of my mind and i just feel out-of-body for a couple days, like i'm almost not living. these have been by far the scariest times of my life and probably my most anxious (constantly thinking about how i'll never get back to normal, or just completely empty minded). it first happened when i was 14 (i assumed because i was very stressed at the time, but seemed a bit random) and happened again two months ago (directly as a result of trying thc edibles for the first time, gave me the worst anxiety of my life). this time, it happened out of nowhere. the only thing i'm anxious about is writing some cover letters and that anxiety is definitely less severe than the anxiety for other things i've experienced in the past year. i'm scared of this happening in my normal life in the future. i will definitely go see a professional for this but i know they most likely won't have any solutions aside from meds (which i don't think i'd do). there's more to it, but i feel like i can't put it in words. has anyone experienced something like this?"
1333,0,Mental Health Risk,depression,luke4ario,1555589278,2019-04-18 22:07:58,251,"i feel like nothing is worth it. i feel like there's a black hole in my stomach that is sucking all the emotion from me and is just sending out an almost physical pain. i feel like if i knew for certain that what comes after life is good then i would try and get there sooner. i feel like i am the only person in the world that feels the way i do because my situation seems so unique. no one i know seems to have the same issues i have with certain things. no one can see that hopelessness. no one can understand what i am going through because it's so extreme and the people who would understand have already gone. and i know that this isn't true, none of it is. but i struggle at times between the things i know and whether i actually believe them. and i feel this so strongly. and i would say that i don't know how much longer i can take it but i know the answer is as long as i am alive because there's no way my conscience could ever allow me to take my own life. i will try my absolute best to stay alive because i owe it to the people around me. but secretly i'm always gonna hope that i get terminal cancer or have a heart attack or get hit by a speeding car. i don't want to kill myself, but i do want to die."
905,0,Mental Health Risk,mentalhealth,actuallyfae,1645115883,2022-02-18 03:38:03,332,"hello, my name is fae and ever since march of 2020 i ve pretty much been stuck in my imaginary worlds. i don t have alot of friends and don t go out alot, have mental and physical health issues and other problems. in march of 2020 i started having online school due to covid and because of that i couldn t go out alot and see my friends. so, i started imagining going out and meeting with my friends. later on i started imagining more things (like better mental health, more friends and overall a more exciting life). by september 2020 i had a full imaginary life (looks, job, friends, mental health and etc.). as time went (since march of 2020) my actual mental health got even worse, i lost more friends, my relationship with my mom got worse and i developed serious anger management issues. as of now i still have a full imaginary life with even more details (i actually have a few that i imagine, but the number doesn t change anything) and my mental health is actually shit. i struggle with alot. i struggle with depression, anxiety and alot of other things. imagining my life wasn t that bad until it started giving me anxiety. basically, my brain just starts imagining out of my control and imagines embarrassing things that i in the moment think are real and i get super anxious. i wanted to get out of this imaginary world so i could live in the moment and focus on what i need to, but my real life is...pretty shit. as i said i struggle with alot. so, whenever i get out of my imaginary for atleast a bit i get super sad and after a bit i start imagining again so i could be back in my safe space. i m not sure what to do at this point. i wanna fix my life, but i don t know how. i don t feel real."
1289,0,Mental Health Risk,depression,0kiguesss,1622785688,2021-06-04 15:48:08,316,"ever since i was little kid i've learned to supress my emotions like crying. my family ridiculed me whenever i get emotional and still do.years later i've always tried to stay positive and optimistic, and tell myself everyday and to others that i feel lucky that i'm not a sad person and that i'm always usually happy. my only way of coping with sadness and some sort of anxiety is by telling myself that ""it could be worse"" ""you'll get over it"" ""dont let this one thing make you sad"" and ""always look on the bright side"". recently i find myself laughing at things when i try to cope even when the context is nothing to laugh about. about a month ago my childhood cat died and i felt nothing but a hint of sadness. later that night i layed in bed thinking about my cat and felt like crying but i couldn't. only a couple tears. i still do feel sad about my cat at times but can never fully express it. then the other day i was watching my favorite streamer talking about how they cope with sadness and anxiety. i replied saying that i usually ignore them and that it is better to focus on happier things. but he replied with ""you should unironically get a good cry"" (im a troll in his chat and had to clarify that he was serious) and someone else in chat told me that i shouldnt bottle up my emotions. i was just confused. i dont know whats wrong with me. i had broken up with my gf and the only thing i really cried a bit about ""ill be back to being alone again"" and i dont want that. idk this post will get drowned in this subreddit but i just want to know what is wrong with me and how to deal with it please."
1273,0,Mental Health Risk,depression,I-mDepressed,1602118867,2020-10-08 12:01:07,62,i once helped a friend who cut herself with other people caring about her and saying don't do it please everybody loves you but now that i suffer from depression i feel like even if i tell somebosy they are gonna laugh or tell everyone else so that everyone makes fun of me that's why i can't do anything please someone help
938,0,Mental Health Risk,mentalhealth,Visible_Ad8869,1652044106,2022-05-09 07:08:26,159,"my husband (29) is very depressed. which started about a year ago when he quit his office job because of toxic environment and burned out. i thought he was getting better these past 5 months but turns out he was lying to me. we ve been working together in this new job for about 8 months and is absolute hell and toxic as well. he has pretty bad symptoms which are: sounds in his ears,pain in his ears,constant headaches ,he is fatigue most of the time. we are going to see a ear doctor tomorrow and get him a therapy appointment. i am really sad i cannot handle seeing him like this it breaks my heart,i want to help him as much as i can. please give me some advice on what i should do to make him feel better it absolutely breaks my heart to see the love of my life suffer from depression. any advice is appreciated."
1731,0,Mental Health Risk,depression,throwawayoffacliff1,1608320767,2020-12-19 06:46:07,214,"i have a plan, for the first time since i dropped out of university over 3 years ago i know what i want to do, i want to go back into education and study something i enjoy, go into an industry where i can sustain myself all while doing something that brings so much joy into my life. but the more i try to push myself toward it the more impossible it seems, it'll be 5 years before i even finish the degree i want to do, then what? almost 30 and haven't even started with the rest of my life, i know its going to be tough and i want to power through i want to do it but the more i think about it the more seeds of doubt are planted in my mind, are my parents actually proud of me? i wouldn't be i'm so tired and i haven't even started yet am i just a weak willed person? everyone around me is doing so well, working hard with the career they've worked towards since they left school, something i fucked up when i didn't know any better and have to start over again. where's my motivation, i want it there i want it to drive me but its just not"
65,0,Mental Health Risk,mentalhealth,ColdDot3917,1648952998,2022-04-03 12:29:58,1230,"not sure if i need to put any trigger warnings but i ll put one just to be safe. mentions of self harm, suicidal thoughts attempts, domestic violence, rape. hi everyone, this is a long post with no tldr. so a bit of background on me, i m 19f, i have diagnosed anxiety, depression and ptsd. my anxiety is pretty bad, i don t leave my house for anything besides going to a local shop with my mum or going to therapy (which i travel to by myself on public transport, yay me!) and i don t have many friends so i don t really socialise with people. i have a boyfriend that i ve been together with for just over a year, he s 22. my history: depression since age 13 and self harm issues since age 12 initially due to bullying and after a while it became a coping mechanism for everything. i developed anxiety at 16, and had multiple panic attacks daily due to starting college. during this period my mother was in an abusive relationship with an addict, she herself was an alcoholic at the time. in april 2019, i suffered a burnout and quit my job, dropped out of college, and i attempted suicide. in june 2019, i ran away from home after an argument with my mum, and i was raped by someone i thought i could trust to keep me safe. in august 2019, i attempted suicide again, and voluntarily went into inpatient care at an adolescent psychiatric unit. i was diagnosed with ptsd while there and did cbt therapy to deal with it. i was discharged in november 2019, and then lockdown hit in march 2020. lockdown was mostly uneventful. although i did have another suicide attempt, police were called multiple times due to fear for my safety and i m ashamed of it but i did assault my mum. i pushed her, and the second time i emptied a plate of food into her lap. here s a timeline of my self harm since lockdown: 7th march 2020 25th november 2020 21st march 2021 5th may 2021 20th march 2022 4 out of these 5 incidents followed arguments with my mother. i ll also add that she went through detox for her alcoholism in april 2021, and she is just shy of a year sober, and i m so proud of her. i am not in any way saying she is the cause for my self harm, our arguments are just huge triggers for me though. also i was put on the contraceptive injection in october 2019, and it was decided that i d stay on it as it balanced my hormones and made me a lot less unpredictable during my periods (i would get really low, and also really angry). i decided to come off of the injection in november 2021 because it caused a huge amount of weight gain over the two years (which caused body issues but i ve got that pretty under control now). now onto my situation. we had an argument 2 weeks ago, and after 317 days of being self harm free (the longest i ve ever gone since i was 12), i did it again. since the argument, me and my mum are fine again, we re getting along, and we talked about everything. but i just can t seem to bring myself out of this... slump that i m in? i don t know how to explain it. i can t bring myself to do my online college work, i can barely get out of bed, i can t bring myself to clean my room, and i m just angry all the time, with everyone. it feels like i m just waiting for someone to say the wrong thing so i can just explode on them. my sleep routine is all over the place, i can t be bothered to shower, and i just feel hopeless all the time. i haven t seen my boyfriend in at least 2 weeks, and the rule in my house is if my room is clean and kept clean for a few days, then he s welcome to come round, (i m not allowed at his house because his grandma is paranoid about thieves and i m too anxious to leave my house so my house is the only option), and my mum loves to use this rule to get me to clean my room, and usually it would work but recently it just doesn t work. my boyfriend and i are barely speaking, we haven t spoken on the phone in 10 days, and we haven t video called in 2 months, but we do text every day. he knows i ve been struggling, but he is useless with advice. and i really miss him but i ve got to the point where when my mum says like you know the rules i just tell her i haven t made plans to see him anyway. and i do want to clean my room, get my college work done and be on top of my stuff, but i just cannot do it. i m exhausted all the time. at the time of the argument, it was my mums time of the month, and we re synced up, living together and all (i haven t got my periods back yet but i still get the symptoms), so i speculated that our hormones were probably the reason our recent argument escalated and why my emotions were so elevated that i self harmed. i ll also add that i m in therapy, and i m currently working on emdr therapy to cope with the residual effects of my ptsd, and our first sessions for that was two days before the argument, and it was a horrible session and i was told i d experience some possible mood swings and nightmares. so that most likely contributed. but in regards to this slump i m going through, i don t know if it s hormones or my mental health because there s horrible things in my head all the time and i m angry all the time but i know how powerful both mental health and hormones can be. also it s my birthday in a week, and i know i get a little sadder around my birthday because it s usually a reminder of how long i ve been struggling. and i lost a friend to suicide and it usually reminds me that i get another birthday, she doesn t, which hurts my heart. plus everyone keeps asking what i want to do for my birthday but it s the easter holidays so everywhere fun is rammed with kids and i m still anxious all the time, plus my boyfriend forgot it my birthday and thought it was tomorrow, despite having a discussion about it yesterday. so i guess i just need help getting out of this slump, and knowing why i m having it would help with that i think, and i need advice on how to just do something even when i can t bring myself to do it. i don t really know what to do, i just feel like i m stuck in a fog right now. also if there s any questions feel free to ask."
1323,0,Mental Health Risk,depression,scolfy,1571592690,2019-10-21 04:31:30,66,"idk for some reason people just dont like me even tho i try my best to make friends. im so fucking lonely in school, the whole class makes fun of me. im also really negative, i tried so many times to be positive, but its so hard because of my environment my life is a mess rn pls i need some tips what can i do"
56,0,Mental Health Risk,depression,ayy_mayy_zing,1566333843,2019-08-21 06:44:03,152,"like the title says, i just need somewhere i can say how i feel. i don't feel like depression ever really goes away. i feel like it's always waiting for an opportunity to sneak back into my head this evening i hurt myself. i've been doing it on and off for more than 10 years. i don't regret it. whenever i feel like i'm having a good day period in my life i get suspicious. i know a down day is coming. feeling numb is worse than any pain a cut can give me. all doctors do is shove pills down your throat. talking about it with a therapist brings temporary relief but as i said at the beginning, depression just waits for that opportunity. sorry about this long boring post. i just have no one to turn to and feel safer saying it amongst people who i hope sort of understand."
1292,0,Mental Health Risk,mentalhealth,lettxrs,1579324248,2020-01-18 16:10:48,118,"diagnosed anxiety and depression. been having more si, no intent, but the thought is strong. i m constantly crying. i cancel on my friends every time i make plans. i can barely get up. when something stresses me out i freak out- almost like a tantrum. i feel like my life has no purpose right now because it feels like no one loves me. the only thing i want from life is love so i always feel unfulfilled. i am currently taking 100mg sertraline but it is not helping. i feel like this is more than depression, more than anxiety. i m going to see a psychiatrist soon but i feel weak. what are they going to say?"
1118,0,Mental Health Risk,anxiety,stillnotfreakyonmain,1653222362,2022-05-22 22:26:02,268,"had a great 2 nights 1 day with my wife, friends and family yesterday but no i'm feeling totally off and could use some support. i didn't get to do my normal exercising yesterday. ordinarily i would have jogged for for an hour on the treadmill on saturday but we were hanging out with friends and family so i didn't get the opportunity. i also didn't get to track my calorie intake like i normally do since we were eating out at restaurants for the most part of the day. this is silly but i didn't get to finish listening to all of the podcast so i know i listen to on saturday. i have a set playlist of podcasts i run through and then after that i listen to my audiobook but i only got halfway through the playlist. the big one is my 16-month-old son was staying with his grandparents while we were out of town and i didn't get to do any of my normal stuff with him. still not with him yet because waiting for my wife to wake up before we go and get him. managed to hold off these feelings of anxiety and weirdness the most part yesterday and the night before but now this morning i'm starting to feel really really off-kilter and out of sorts. like i keep on repeating to myself over and over again all the things i have to do to make up for what i did yesterday to get the things back on track to make sure that the order is restored. anyone got me advice?"
584,0,Mental Health Risk,mentalhealth,victoria-knott,1621892273,2021-05-25 07:37:53,24,tried to od but turns out what i was using isnt evrn life threatening feeling very stupid and very much alive and in pain
374,0,Mental Health Risk,mentalhealth,Mikecool51,1602817561,2020-10-16 14:06:01,935,"i have been struggling with anxiety and depression since i got out of the military in 2012. my divorce was finalized soon after and i went from weighing 180 to 250 in few short months today i weigh 300 pounds. about two months ago i finally went to the doctor and was prescribed bupropion and had gotten set up for sleep apnea test well i have severe sleep apnea. when i got out the military i didn t return home, i moved away for college and struggled alone with undiagnosed depression. i let my depression and anger lead me to an engineering degree. my fear has been running into my ex-wife if i was to return home and she would see a loser, we divorced because she cheated on me twice and i tried staying with her but i couldn t get over it and i did treat her badly because of it. well everyday of my life has been hard i moved ten hours further away from home after college graduation because i am still afraid of running into my ex wife, i am working as an electrical engineer but i must look like a slob to everyone else, and people are nice to me because i fill they can tell i m depressed, i am very low energy because of the sleep apnea and depression. i have an extreme conflict because my life s greatest desire is to move back home so i can see my family and be with my younger brother and sister who i love very much, we been through a lot together growing up are parents had an ugly divorce and we lost our home to a natural disasters. but that fear has prevented me from moving home. i know if i got under 200 pounds i would have more confidence and move back home. today my brother and sister are kind, none of us do anything bad or what is considered illegal we are each very attached to our mother and we love each other very much. well my baby brother who is seven years younger than both me and my sister i m 29. has been struggling with his mental health lately i have just learned and has developed extreme anxiety, he is brought to tears and is having a tough time maintaining himself at work. my brother grew up with a learning disability and growing up in a small town and a mother who didn t graduate from high school he was not adequately helped and struggles to read, he has worked at walmart for about 3 years now. and i can tell he doesn t believe in himself so i have tried to push him to try harder in the past and i now realize how wrong i was because although he appears normal and you would never know he has a learning disability i might have just been hurting his feelings. it anger me because his disability is overcome able and i fill since we grew up poor and in a small town he never received help other kids receive who are able to over come it. i am not lying when i say this but my brother is kind and innocent he is really a good person. he tries his best he doesn t have much but he cares for others. he really takes things hard, harder than an average person would take things, he fills pain for other people s losses, world events and the violence really weigh heavy on in him, for instance when koby died he was really depressed. he is terrified of catching vivid at work and passing it to our niece and nephew our sisters kids, who my mom baby s sit for, he lives at home with our mom. i cried for my brother tonite because i am not there for him and i have wished so hard i could overcome my depression and anxiety so that i could finally move home, but i have tried and failed to get over it for years, this bupropion has not had any effect on me, and i have no self control and have grown fat my room and apartment is full of trash from eating out clothes are thrown everywhere i am embarrassed of the way i live and had not had a girlfriend since i got divorce, my car has trash from eating out as well and is an embarrassment inside as well. but now i fill that i can overcome my anxiety and depression, i fill that i can lose weight, i have begun cleaning my apartment i have prevented myself from eating out which i do for every meal. i have began forcing myself to do the things that have been so hard for so long, because i am ready to fill better so i can go and be there for my brother whom i love very much and i know misses me if has been since last november since i have seen my family but i am going to take vacation and go visit them. i know how important family is and i would hate if my brother does something to himself and i wasn t there for him because of my own depression and anxiety. i hope that i can succeed and have never felt so determined as i do now, it s funny that sometimes what you can t do for yourself you can do for others, i am going to succeed and move back home so i can be there for him."
275,0,Mental Health Risk,mentalhealth,liznormal23,1570829945,2019-10-12 08:39:05,332,"trigger warning: eating disorder and substance abuse hello all. i m absolutely stuck. i am trying my best to work on myself, but getting the specific treatment i need is proving to be more difficult than i thought. i know for a fact that i currently have depression and anxiety. i have a long history of an eating disorder. but i haven t been immersed in my behaviors for several years. (i m still a little weird with food, but i m not engaged with my ed.) after graduating college, i had a very hard time obtaining job in my field and accidentally fell into this awful progression of alcohol abuse because i couldn t reach the expectation i had for myself . (i never had any drinking problem prior to my job meltdown.) for over a month, i ve been in residential treatment for alcohol abuse and my eating disorder. while aspects of ed alcohol treatment were helpful and applicable to me.....i m not truly actively eating disordered, and i m not 100 an alcoholic. i don t have eating disorder thoughts. and my drinking was in direct correlation with not being able to cope with my job situation. i felt like i don t fit into a category. i only have traits of both. i m not sure if this makes sense to anyone. i hope it does. my therapist told me that i have borderline traits and bipolar traits....but i don t fit the diagnostic criteria for either. so if i m not 100 ed alcoholic or borderline or bipolar....what the hell am i? i m not special. there has to be someone like me out there. i m not in denial. i know with my temperament i need to be careful with drinking because i use it wrongfully as a faux coping skill. i know my ed is not 100 gone, it s just a distant whisper. i honestly feel crazy. can anyone relate? i feel genuinely lost."
746,0,Mental Health Risk,depression,TheFourthReichRises,1635481164,2021-10-29 15:19:24,206,"after losing my bestfriend back in january, at age 15, losing my dog yesterday and having to watch my other one die slowly aswell. i just want to die, nothing more, because this endless cycle of watching living beings close to me die, is just gonna continue for as long as i live. i hate fucking life it s unfair. i don t even care about how my family would feel if i died i just want to. there s nothing stopping me but my puppy who i take care of solely and my older dog who is soon to die. i have to watch my dogs die that i grew up with spending the last 13 years of my life watching them grow. now i gotta watch them die. i just want it to end. my mind is clouded with the face of my friend and my dog. the thought of death is more pleasing than continuing. i have all the means to die, i have prescription meds, knives, and my mother has a gun. i m not going to do it but it s so tempting almost welcoming. i just want to get this off my chest, time to go back to my suffering."
128,0,Mental Health Risk,depression,HairyBawlz,1557881510,2019-05-15 10:51:50,155,"about 14 years ago i shoplifted, got cought and since i was a smartass in court i had to take an iq test. turned out i had one of about 135. confused of what to do with me the feds thought 'educational measures' in form of social service was adequate. needless to say it only made me hate people all the more. since long posts are never read i try to make this short: by definition i'm a genius and suffer from a certified depression. psychotic drugs and alkohol are part of my daily- or weekly life though it never fucked me up on an universal level. i was always kinda fine and got along with it. the problem is my depressions, every time it got 'defeated' found newer and more advanced ways to maifest itselve. asking now: to all those here with the curse of knowledge, have you had the same? or something similar?"
1646,0,Mental Health Risk,mentalhealth,rolling_in_aditch,1637313891,2021-11-19 20:24:51,23,"i don't know why ,when there is people i feel empty, some times mix feeling.please someone teel me wat is wrong with me."
1852,0,Mental Health Risk,anxiety,Acceptable-Brush-207,1619180487,2021-04-23 22:21:27,195,help!! is this normal i went to go for a walk today with a friend and i seen nice girls and was getting racing thoughts approach anxiety.. i seen this guy who was with them and i felt bad and started to compare myself to him... later on i seen this guy around my age 27 28 and he looked quite jacked and good looking guy.. btw i m straight but i looked at him and i started to freak out like i was getting this adrenaline fight flight or freeze and later on as i walked passed him again i looked over to see if i was gonna get this feeling again and i did!! i couldn t look at him so i looked at his dog then i turned around and he turned around and we both made eye contact and i was freaking out.. this has happened before with me especially with guys around my age depends what they look like and also i don t get this with old men or old ladies? after those thoughts and feelings accrued i get this horrible and tremendous amount of guilt embarrassment and shame..
674,0,Mental Health Risk,lonely,deareddd,1597282023,2020-08-13 11:27:03,249,"i ve spent the last two years in a downward spiral. my wife of 10 years divorced me, she used unbelievably immoral divorce tactics in an attempt to gain full custody that i ve had to fight daily to retain my parent rights. it broke me. i was loyal, dedicated to my marriage, and a loving father. she vilified me on social media, lied to my daughter about me, continues to make my life an absolutely loving hell despite my attempts to remain cordial. after my divorce i turned to tinder, bumble, all the dating apps. i went on a complete bender, dated and slept with multiple woman hoping to fill this void- to make up for everything she took from me. i couldn t fill the void. i was lost- until i met my girlfriend that i had for a year. the same girlfriend that left me last christmas morning, even taking the presents from under the tree the night before that my daughter and i woke up with smiles and joy hoping to open together in our first experience with christmas just us three. my life has never been the same. everyone i ve tried to meet since i can t trust. i can t move on. i m stuck. and i don t know how to fix myself. i feel completely and utterly alone, and at 35 i feel like i m never going to be able to trust again- like i somehow deserve this pain."
1664,0,Mental Health Risk,anxiety,throwawaypain555,1641079277,2022-01-02 10:21:17,213,"i didn t even watch the ball drop with my family. i was in my bedroom panicking and being a worthless, emotional moron. i later went downstairs and wished my parents a happy new years but was so anxious that i didn t hug them and went back upstairs pretty quickly. today i felt super shitty for not hugging them so i randomly went up to them and told them i feel bad for not giving them a hug on eve and hugged them. my mom said in a joking matter it s ok, yesterday you i didn t like us but today you do which still hurt because i love my parents but i m such a fucking capricious person. i didn t want to tell them the reason because it feels burdensome to talk about my shitty mental health to others. my brain just really likes to destroy relationships with people, especially during the dreadful holidays. i can become very detached and cold despite feeling the need to give love. i just become bewildered by it all. this is why i ve lost all my friends too and have spent it friendless for the past few years. because i m an anxious good-for-nothing loser that is constantly enduring an existential crisis."
1981,0,Mental Health Risk,anxiety,Maks1804,1593979205,2020-07-06 06:00:05,82,"so i ,for the past year i started feeling these weird feeling in my chest feeling anxious and stressed like i m sensing something bad is about to happen any time soon in the next couple of days or months. its definitely not a feeling i can live with. even if i do things that i really enjoy it still hits me. i don t know what should i do with it or how to stop it. sorry for my bad english."
1083,0,Mental Health Risk,anxiety,knowledgedoll,1633883420,2021-10-11 03:30:20,62,"have you ever had anxiety but only ever pertaining one situation or event or person? and if so, when that resolved itself, the anxiety went away? or lessened? because i've been having anxiety about one specific thing for about a year now, and i wonder if after such thing is no longer a factor in my life, i will see some relief."
1922,0,Mental Health Risk,depression,PenguinNinja33,1609445330,2021-01-01 07:08:50,150,"basically what the title states, but i dont mean admitting that i am depressed... i know i am and i have been for years. i mean being afraid to tell someone about it for fear they are going to push you away because they do not want to deal with having someone with a mental illness in their life. my girlfriend of a year and a half broke up with me the day after christmas. it was definitely my fault but i've always been terrified of trying to actually talk to her about my depression and what sort of thoughts it puts in my head that i have no control over because i'm terrified that she would not want me in her life anymore. now she's saying she wants to stay friends but i dont know if i want that or not. i dont know if i could handle that."
99,0,Mental Health Risk,anxiety,Franco-Cozzo,1554056557,2019-04-01 05:22:37,401,"for as long as i can remember i've known something was wrong. i am so good at outwardly projecting such a calm demeanor that nobody would have a clue. i run a successful hotel, have to look after huge departments simultaneously, have a huge amount of responsibility on me at all times, and you know what? that doesn't make me anxious in the slightest. it's when i'm alone, when i'm not busy, not at work, not needing to be 'the man', when my brain is able to tangle into such a goopy mess it can take days or weeks to clean up. i cracked. my parter was going to meet me somewhere after work, she had contacted me to change location, i hadn't received the message. i waited for 30 minutes, tried to call but she was on the phone and wouldn't answer. messaged and called again, nothing. i can feel a huge irrational frustration start to build up, my leg is tapping, breathing fast, scratching at the cafe table. i get up and knock over my glass of water, people are scrambling to help, i can handle this, i always handle this, leave me the f ck alone. whatever this is, it began to take me over. my vision starts to fade. i get a message saying she's just on the phone to her mum and she's waiting at a different cafe, that she didn't hit send and that she's sorry and she'll see me soon. problem solved, right? the minute i sit down at the new location i start to cry, i start to panic, choke on air, sweating, my partner has never seen me like this and i'll never forget the look on her face. i'm telling her i'm fine, i'm telling her to be more diligent about where we're supposed to meet, i'm beginning to gag from panic. i'm so embarrassed i'm trying to leave but she is running after me. what if she found out i wasn't the man she thought i was? that i am letting a reschedule make me act like this? i can't believe this is happening, i've always been able to bottle it, always. i've never let anyone see it. it was my secret. my partner is now crying calling an ambulance, it must look like i'm dying. i booked in for my first appointment today with her guidance, wish me luck."
1179,0,Mental Health Risk,anxiety,OneHandedMolly,1556067575,2019-04-24 10:59:35,59,so i've always had a little bit of anxiety pretty much my whole life. it got worse when i had my second born may 2018 and postpardum depression was added to my life. i'm still struggling with both and it's very overwhelming. anyone got any tips or suggestions on good books supplies to use to help lower my anxiety?
964,0,Mental Health Risk,mentalhealth,collageobsessed666,1619661505,2021-04-29 11:58:25,47,does anything make sense? life makes no sense. living is strange and death may be my true enlightenment. sometimes it feels like my manic episodes are still obvious but i am not raging and getting angry and obsessing as much. i feel numb. my grandma died saturday
792,0,Mental Health Risk,depression,Deadinside10922,1601697708,2020-10-03 14:01:48,67,before saying anything please excuse me for my english. i'm 17 years old. im living in france. i've been skipping school since im 15 because of school phobia i don't have any friends in real life. i don't feel any emotion outside of when im playing video games. i literally have no future because im skipping school means no diploma (not sure if that word is correct)
29,0,Mental Health Risk,depression,Always_Clear,1634918164,2021-10-23 02:56:04,205,"i had a traumatic past... including getting buried alive by my step father as a kid. ive been working through that trauma but some of the issues its caused constantly plague me. im missing part of a lung and have copd that is most likely caused by black mold as a kid due to their drug binges and not taling proper care of me. ive thrown up every morning for the last 17 days because of drainage and gunk from this....i have a good job... and try to be a nice caring person... it just feels pointless because these horrible people that caused so much pain in my life were able to afford a home.. while im in constant misery and no mater how hard i try i dont know if i will. how is this fair? whats the point of anything if no matter how hard u try ur just spinning your wheels, while methd ouy child abusers where able to have a happy life 30 years ago. why do me and my so have to work so hard for less. why cant i have kids or a family because i cant afford it and dont want my children to go without... just why?"
628,0,Mental Health Risk,anxiety,joses243,1620860671,2021-05-13 09:04:31,63,"hello, around 16:00 i had a bit of alcohol but now i am very sober. for the past two hours my heart has been averaging around 90-100bpm and i have this weird vibration feeling in my chest constantly. i have had ecg s before which came out normal but i am super worried i am going to die. has anyone experienced similar feelings?"
944,0,Mental Health Risk,mentalhealth,gaypotato421,1625896464,2021-07-10 15:54:24,196,"i ve been paying attention to my own behavior for the last year and the more that i pay attention to how or why i act on things is a tad upsetting. after my therapist let me go because she said that she couldn t help me anymore i started trying to learn more about my spontaneous harmful behaviors and understand them more. all it did was just make me more aware of how pathetic i truly am and i feel stuck in a sort of denial. a constant one where i know i need help, but i refuse to get it. i m so scared of scaring everyone i know if people really learn how messed up i can be and i don t want to be alone. every day i just feel reminded of how the more i refuse to get help the worse i begin to feel. i don t know how to get out of this stage of denial and i don t know how to ask for help, if you re able to recommend anything it would be appreciated . i m so sorry , may you dream with the stars."
572,0,Mental Health Risk,anxiety,qveenofdeath,1622580101,2021-06-02 06:41:41,232,"this is my first post, i've suffered with anxiety for as long as i remember and i thought i had it all under control but i've been crying so much over this stupid thing, my bed room, it's not the way i want it i've tried to make it homely and the way i like it but my wardrobe has just broke and i've spent the last 6 7 hours reorganizing so it's livable till i can save up to buy a new wardrobe but i feel like everything is uneasy like i'm having nightmares about my room cause it's so uncomfortable and becomes messy easy i bought a ikea like cupboard things that ya can put boxes in and i have back issues and the thing currently where i want it to go is old and heavy and i can't move it on my own and i've had the ikea thing since january, i'm getting no help from my family, i feel so stupid like i'm about to break because my comfort zone is all a mess if that makes sense, i was wondering if anyone had any tips or anything to calm my anxiety or idk , how do i approached my family and ask them to help me? (i've asked multiple times already but they turn up at like 6pm and are like im tired) idk what to do..."
907,0,Mental Health Risk,depression,ARedditUserNearYou,1581181403,2020-02-09 04:03:23,137,"the terrible lack of motivation that we all struggle with has lead me to neglect my physical well being for my entire adult life. i'm 26(m), and my teeth are decaying, my gums are so infected i'm surprised i don't have a constant fever, my hair is falling out of my head, my stomach is a bubbling cauldron of sludge from my abysmal diet, and as i never exercise, the rest of my body is in a general state of disrepair. oh, and likely due to the abysmal diet, i'm now hyperglycemic and borderline diabetic. i am going to get horribly sick, sooner rather than later, if i don't change. yet unless i find a way past the lethargy, the crushing nihilism and omnipresent sense of futility, i don't see any outcome other than an early death."
1080,0,Mental Health Risk,lonely,canardcool_27,1651180015,2022-04-29 07:06:55,190,"hello, i am 19 years old and i am in the 2nd semester of my 1st year of college. i am a very insecure and introverted person, i have a hard time making friends and talking to people. i already knew that college was going to be a challenge for me, however everything got worse when my grandfather passed away in the second week of my first semester. i was so depressed, i didn't go to parties, i didn't want to do anything. now i am in the 2nd semester and i regret it because everyone already knows each other and i don't have any friends in college. apart from college i don't have many friends, and the friends i have are creating new relationships and busy with the new academic life. i feel like i'm being left behind and i can't help but think it's all my fault. maybe i deserve this, maybe i'm lonely because my personality is boring or annoying. every day i try to talk to new people, but my anxiety and insecurity get in the way a lot. is anyone else in a similar situation?"
450,0,Mental Health Risk,anxiety,True_Decision8453,1646830971,2022-03-10 00:02:51,58,everyone is different and experience their panic attacks differently but when i m having one i get disoriented and then it feels like someone poured gas into my veins and set it on fire. i can t think of anything but will it stop or will i feel like this forever. what does it feel like for you?
1609,0,Mental Health Risk,anxiety,Hollographic-unicorn,1618885571,2021-04-20 12:26:11,78,hey yall ive been feeling a lot of anger lately regarding my partners health issues. i am not angry at my partner but im rather frustrated that nothing seems to help. i think i am angry because i feel helpless and watch them deal with a bunch of chronic pain 24 7. any tips on how to stay calm and not let it get to me? and anyway i can support him besides constantly saying that must suck?
1290,0,Mental Health Risk,anxiety,angelbaby0007,1638495234,2021-12-03 12:33:54,81,anxiety is killing me tonight.. my mind is racing and i just feel so defeated. i m on meds on my anxiety and i just feel like they aren t doing anything at all.. i m a recovering alcoholic at the age of 25 and i ve just been thinking about going back to what i know because it was so much easier when i drank than it is now. i m just so sad and lost and tired of suffering.
1078,0,Mental Health Risk,mentalhealth,MazerTime,1598896316,2020-09-01 03:51:56,91,"i wrote it in a fb group and immidietly regreted and deleted the post. before i managed to do it a fb friend i was chatting with pressed like. and said nothing. continiued chatting without ever saying anything about my cry for help. i feel hopeless and even a fake ""it will be allright"" or ""are you ok?"" would have made me feel slightly better. but they reacted to my post as to say ""ive seen it, and i dont care enough to even check on you while we already talk"""
254,0,Mental Health Risk,anxiety,gietsi21,1559665889,2019-06-05 02:31:29,141,i was doing laundry and making something in the microwave when the microwave shut off. i started freaking out because now i will have to talk to my roommate about it. i tried to fix it on the breaker box but it happened again. it seems to be working now. i m just so anxious over something so simple. it s not even a big deal but it s freaking me out. i just want to pretend it didn t happen and maybe just let her figure it out. i don t think it s gonna happen again and i don t think an electrician has to get involved. stuff like this happens but i just don t want it to end up being a big deal. is there even a way to know the breaker tripped after it s fixed?
124,0,Mental Health Risk,depression,indigogaia,1618896984,2021-04-20 15:36:24,105,"it s what brings me comfort. fantasizing about disappearing with no one knowing and just end it all in the middle of nowhere. but i can t do it, or won t, i have too much responsibility here and i don t have the heart to leave my parents like that. i think it s worse living with this pain everyday knowing that i m not capable of doing it. it s all i want. i breakdown in tears everyday i hate this. i hate being alive. i hate having to suffer with these thoughts to begin with. i just wish i didn t exist"
1927,0,Mental Health Risk,anxiety,yourztruly_,1644364281,2022-02-09 10:51:21,78,"so i was priscribed propranolol for my anxiety and it was working but i was overdosing. for two weeks i took 160mgs and now i ran out. today i took what i had left and that was 40mgs of propranolol. i know it was stupid. i wasn't thinking i just wanted relief from anxiety without taking benzos. now i'm freaking out because i'm scared of what's going to happen to me if i don't take propranolol, i'm panicking."
251,0,Mental Health Risk,mentalhealth,breathtechnologies,1652294661,2022-05-12 04:44:21,147,"may is mental health awareness month. one in five americans suffer from a mental health condition and the number is increasing. it is an opportunity to raise awareness around those suffering from mental and behavioral conditions. nobody is perfect and nobody has all the answers. so, while we may not always have the right resources and knowledge, we can always reach out to others for support. it is time to eliminate the stigma around mental health diagnosis. help yourself and help others find balance in their lives. here is a stress management guide from the world health organization to cope with adversity doing what matters in times of stress: an illustrated guide. shine the light on these conditions and eliminate the stigma. let s talk about it. what is your best tip to deal with stress and provide better balance? let us know in the comment section."
585,0,Mental Health Risk,anxiety,Pawsywawsy3,1661038676,2022-08-21 09:37:56,409,"my 9 year old is an amazing kids who does a lot of things really well. plays the piano beautifully, excels at sports and academics, and has good friends. however, since she was a baby, she never slept. we ve got nights where she s gotten 2-3 hours of sleep because she is panicked and scared over nothing she can pinpoint. she ranges from saying she feels nervous to feeling like she s in trouble. we have tried the obvious. calming, gentle routines, consistent bedtimes, no screens before bed, everything that s considered a first direct line of approach. when we realized how badly we were succeeding at helping her sleep, we went to the next step of having a sleep study done. nothing turned up abnormal. we then went to a counselor who helped somewhat, but wasn t really getting to the root of the problem because our daughter couldn t pinpoint what was keeping her up at night. while we liked her, she resigned from her position and we saw her successor. it was again helpful for our daughter to talk to someone, but we were never able to get to the root of the sleep problems. she still sees her, and they spend the time playing games and chatting. we are confident she s never been abused by a caretaker, and she hasn t had any major changes in life. by all accounts, she leads a pretty desirable life. she knows this too, but once she s in bed, she s panicked. we were advised by her family physician to put her on melatonin, but the moment she s off it, she is unable to sleep. we were referred to a psychiatrist who immediately diagnosed her with general anxiety disorder and placed her on hydroxzine, a mild medicine that is also prescribed for children with skin allergies. the idea is to make her sleepy so she can rest. she said she thinks melatonin can affect hormone development. i am very conflicted about this, but my heads tells me we ve tried everything for upwards of seven years. i m just at a loss and don t know what to do anymore. i never thought i d put a 9 year old on meds to sleep, but i also never thought i d have a 9 year old with sleep problems so severe she d be able to go days without sleeping. any insight would be helpful."
1568,0,Mental Health Risk,anxiety,pewpsies,1644932267,2022-02-16 00:37:47,189,"cw: existential anxieties since i was a child i ve had a certain existential dread, a fear of more time passing and an anxiety of the world ending things getting worse in the world etc. as i got older i started having panic attacks about eventual death and the end of the world. i hit an all time low in 2016 for obvious reasons and i feel like since 2016 people in my life and in the media have been validating this doom that i have been told to counter by limiting news exposure and trying to find positive aspects of things. i was looking into the latest this american life episode (which i shouldn t have given the title) and i just can t really handle all of this external validation of the fact that we are like in the end times and everything. plus i have a 16 month old baby, which has just made everything feel infinitely worse. how can i shake it when everyone is saying there s nothing really to shake because the stress is based in a very real and seemingly immovable place?"
824,0,Mental Health Risk,depression,lilac_skies00,1578411342,2020-01-08 02:35:42,21,i can t help this feeling and i m tired of it. i just want to stop being disgusted with myself.
507,0,Mental Health Risk,mentalhealth,LEAVEMETFALONEFFS,1619457491,2021-04-27 03:18:11,221,my meth addicted brother will not leave my house. i told him to leave countless times. he lives in his car sometimes on my driveway or on the street. he literally sits in his car for 10 hours. he hears voices and sees things (psychosis)and will come in to use the bathroom or shower and wakes me up late or early to ask me. but before hecdoes he stands in the doorway just staring at me and asks me the same question over and over and over i dont say no because i feel bad he has no where to go. but thats not my problem. he had his inheritance money and his own house but he fucked all that up himself and makes excuses and doesnt take responsibility and leeches off me barely hanging on by a thread. everyday its the same shit. everytine i look out and see his car i get enraged. out of everyone in the family he comes to bother me?? im not in a good place mentally as it is. i have other issues i cant talk about here. but this guy is draining my life from me. hes also on parole. should i call police to force him to leave? i dont want to since he wont listen but thats all i can do.
889,0,Mental Health Risk,depression,False-Performer-8060,1655622303,2022-06-19 17:05:03,485,"is life an illusion or a truth? is it a fortune or a normally insignificant spark that just happens by chance? many people may say it happens for a reason, but for what, exactly? while many people seem to be grateful for this, there are others who prefer it didn t happen. what exactly is life? although i have been living for almost 20 years, not a single moment have i experienced a genuine connection. fortunately, i have loving parents who would do everything to heal this mindset and mental illness of mine. however, i have reached the point where i think negatively behind every actions of others. in order words, the reason why they help me is due to the fact that i m blood related to them. i m very upset of this thinking, but i m just this way due to long years of loneliness. i have no genuine and interesting connections with family, nor any relatives, not to mention, being with friends. everyone comes and abandons me. loneliness has been the root of every problem of mine; depression, anxiety, and perfectionism. it results in my stress, sleep deprivation, loss of memories, lack of motivation, lack of vision, high expectation of myself, overthinking, and high longing for attention. i switch to different personalities just to fit in. i have no identity, just an empty shell. to sum it up, it s becoming more complex as time goes on. compared to me, you don t have life in a hard way , there are others who struggle everyday to stay alive, but why are you being depressed? , you haven t healed (from your illness) yet? , you re too inexperienced in life, yet you re complaining. wait until you re getting older . these are the phrases i would hear very often if i open up. but really, these a the same people who have their people to support, hang out with, to drink and celebrate, and share their joy and sadness with. whereas, i have no one. they don t understand me and i don t expect them to do that. like hell! they wouldn t that live long enough if they were in my situation. speaking from experience, i almost attempt killing myself by hanging several times. my problem is too complex for their mind because it can only be understood through feeling . i may have to endure years into the future having no one to share my stories face to face with. it s just me and the internet. has anyone experienced a true loneliness? has anyone understood it as i have? i ve been there daily. it s pitch black. how do i explain this? i see everything in blurry, but behind it is just pitch black. like there s nothing in there. the way i see it, it s can only be understood through feeling ."
70,0,Mental Health Risk,anxiety,wegonfixwolves,1654535188,2022-06-07 03:06:28,120,"struggling with death anxiety. haven t gone to work in about a week. haven t been able to eat nor do i feel hungry. it hurts to be awake and i just finally got to the point where my chest doesn t hurt. what s the answer to this? is it therapy? i miss living my life like how i did before. i ve always had anxiety but never this crippling. it s usually been over things that legitimately pass or that i can get over, not my own inevitable death. i managed to schedule a therapy appointment the other day, but they haven t gotten back to me. it s hard to find the motivation to do it again."
1608,0,Mental Health Risk,anxiety,MrYoley,1624189339,2021-06-20 21:42:19,107,"don't fight them. everytime you get an intrusive though, stop fighting against it, repeat to yourself: ""don't fight, don't fight"", while doing other things, and you will see how in a couple minutes you won't even remember what were you scared about. if you fight, that intrusive though will sink in and you will be stuck in an anxious state. when you get to that stage, it's very very difficult to get out. anxiety is stronger that you, always will be, but you are smarter. it's not easy, but you can do this. anxiety is living with you, but you are not your anxiety. you got this."
1532,0,Mental Health Risk,depression,ZestycloseChest9,1590696427,2020-05-29 06:07:07,827,"i originally posted this on another group, but i realize it was the wrong group. sorry if this is the second time you see this... first, i want to say, i think there are plenty of teenagers and other young people on this forum who are hurting badly because of external life circumstances or not having found their way in life yet. if that is you, obviously you should seek help without delay, as far as professional counselling, medication, etc. this post is not directed at these people, aware as i am of their very real current struggle. i believe there is depression, and then there is depression with a big ""d"". to society at large, depression being a fairly new subject that is being talked about, it's always just ""depression"". but it's like heart disease: it can go from being minor with small, reversible consequences to being permanent, incurable, and life-threatening. i am 33 years old (man). relatively speaking, i have a lot of the things people could want in life. i work in health, i make very decent money, i am over 6 feet, rather good looking, i am athletic and talented at many sports, i am trilingual, and i have a supportive family. and yet, i suffer immensely. for twenty years, i've struggled with low self-esteem, social anxiety, loneliness (friendship-wise and romantic-wise, even though i have a few friends), crippling depression, and other anxiety-related illnesses. mental illness is the story of my life. over the years, i have seen plenty of health professionals (psychologists, psychiatrists, social workers), taken countless types of medications (bupropion, sertraline, prozac, lamotrigine, quetiapine, ritalin, citalopram, escitalopram, venlafaxine, brexpiprazole...), followed therapies (cbt), read countless self-help books, and consulted support groups. i generally have an ideal lifestyle (exercise, great eating habits, good sleep, meditate, mindfulness). i have done everything that is recommended for someone in my situation. if that's not your case, i apologize but you have absolutely no business considering suicide as an option. and at this point in time, after all these years, i find myself exactly where i started. as a matter of fact, things are only deteriorating as time passes for me. my suffering is only intensifying, and my desire to end it is only growing larger. so this brings me to the point of my post : are there other people in the same boat, that feel that there is indeed a time, when you have exhausted your options, when ending it can really be considered acceptable and reasonable? we often hear people say, ""there is hope"", or ""things will get better"". really? have you felt like dying for two decades, went to see every possible ressource out there, and still have not found inner peace? i suspect that, as i said, people tend to put all ""depressions"" in the same basket. not taking anything away from someone with post partum depression or post-divorce depression or similar ailments, but these can be attributed to a root cause around which you can work. in my case, i have spent years trying to make sense of my depression, trying to find a cause, but i am at a loss. i truly believe, now, that there are some people, such as myself, that can never be saved. we have depression with a big ""d"". there is no identifiable ""cause"" to explain the empty feeling inside. there is no reason for the hopelessness. the darkness just ""is"". medical professionals do not understand it and are simply powerless over it. i truly believe there are two choices for people like us : to end it now and alleviate the suffering, or to live in sadness and pain for the rest of our lives. i am scheduled for electroconvulsive therapy soon, but i'm not sure i'm going to go. i fear that this treatment will simply be one more added to the long list of disappointments i have endured seeking help over the years. i believe that things simply are as they are. some people are simply given bad cards to play with in this life. and to me, the worst type of cards to be dealt, by far, are the faulty brain cards. the ""incapable of happiness"" cards. it is as it is and, frighteningly, my very much rational and scientific logic is pushing me closer and closer to the only ""effective"" treatment that i can see working to destroy my illness, and thus end my suffering... anybody else in this boat? thoughts? does anybody else think that, indeed, there is a time when the most reasonable, thought-out option could in fact be to end it? can society ever understand this, understand the limit of science and ""accept"" someone doing the ""unacceptable""? thank you for reading this ps: the goal of this post is to see if others are in the same boat and to hear other people's opinions on this. please, refrain from giving me personal mental health advice. thank you"
247,0,Mental Health Risk,depression,deadbehindthesmile,1642341001,2022-01-17 00:50:01,1164,"my entire adult life since i graduated high school i ve never really kept any real close friends. i ve said they re overrated and generally bad influences on people. why let them distract me from being me? when i was a kid, my father who abused me for years, made me get into a sport. i chose baseball. i was terrible at anything past tee ball, but i stuck with it to try to make my father proud. the abuse happened after the sports phase in my life. because i was so into baseball, i felt i knew everything i was doing when i held a bat or a ball in my hands. when i was around 8 or 9 (big guess, i m terrible with numbers), i was over at a neighborhood friend s (friend 2) house hanging out with his little brother. friend 2 of 3 of my friends in the neighborhood that (i thought) bonds were fast formed between us all. my best friend (friend 1) was busy this day so i went over to friend 2 s house. it was very common that we switched off who s house we hung out at depending on whose parents were home, etc.. i saw that friend 2 had a bat. so, i started lobbing it around. not really swinging it, but not necessarily being safe with it either. more like holding it up in the air and rotating my hand so it would kind of merry go round around. but kids are fucking stupid and i was definitely being dumb with it, especially since my friend s little brother was jumping around like a mexican jumping bean. bam. his head collides with the bat and instant bloodcurdling screams come out of this child. everything s a blur after that, but i just remember trying to go back over there to apologize and i m basically shunned by friend 2 and his parents. door essentially slammed in my face. turns out he needed stitches and i could have done some serious damage. needless to say, i felt awful and didn t know where to start so i just went home.. a few days passed and i wanted to go to friend 3 s house from the neighborhood. i rode up on my bike and what turns out to be a neighborhood party that i wasn t invited to was happening in the backyard. when i stop in the driveway realizing what s happening, friend 3 poles his head out and yells, deadbehindthesmile, what are you doing here?! friends 1 and 2 and 2 s little brother both pop their heads out and stare at me with a disdain i ve never felt and no child should ever feel from an accident.. with no friends left, i was alone until we moved. new neighborhood, new friends. year goes by playing with these friends nearly every day. until one day, i find out i m just the pity friend. following one of these friends home thinking we re going to hang out, why are you following me?! then middle school. this is when the abuse started. made a group of friends in middle school. one of which turns on me in high school. the others we just grew apart. a friend i grew apart from outed my father s abuse. testimonials, divorce battles, and therapy of all kinds is a blur for the next two years during end of middle school and freshman year. it s all a blur, except for when i crept down the stairs to hear my heartbroken mother screaming at my imprisoned father, you fucked your daughter!! that will stick with me always.. i hid walking in the hallway, always looking at my feet. always afraid to make eye contact. ate my lunch at the top of the staircase alone.. my mother caught me cutting, and took me to the er, where i was swiftly taken to the adolescent psychiatric ward. i wasn t ready for help, so i pretended until they sent me home a week later. i thought i made it in with the punk crowd junior year of high school but they eventually gave up on me too when i started dating one of the guys. a year later, i was ready for help this time, and asked my mom if i could return to the hospital. but still, i only felt observed. never helped. i was there a little longer but ended up acting happy to return home. it wasn t helping. more therapists. less help. more medication and i just felt more broken. end of senior year and the summer after, i made friends with someone who was labeled a bad influence, but really just misunderstood. we were inseparable for a while. this is where that middle school friend turned on me. she got her house egged and blamed it on me and my new best friend. we survived that but eventually realized we had more differences than we accepted for a while and parted ways. one girl tried reconnecting with me who i went to elementary school with. after high school she wanted to move in to an apartment together and be roomies, but by the time we were looking at a place and about to ask for applications, she suddenly didn t want to live with me anymore. it was her idea in the first place. she moved in with another one of her friends. it s clearly me. i m so clearly and obviously the problem. three boyfriends later, being cheated on every time, i ve now married a man that is so inside himself, that in my emotional breakthrough, realizing the real reason behind why i hate friends and never really try to make them, he doesn t even notice. it all started with fucking baseball, solidified by an abusive father. i m crying in bed right next to him. he got up to go to the bathroom and my sniffling called none of his attention. he s a tv head and absent-minded. it s perfect right? he won t get sick of me because he s not even paying attention. i feel terrible for thinking that, and scared. watched dexter a few weeks ago, and my depression triggered so hard from all of his dark passenger talk, i cried under my hood for and hour and he never noticed. so i went to bed. i can t watch dexter anymore. i don t know why i m here. maybe because therapy is too expensive. medication makes me feel worse. can t sleep, the sun has come up, and i couldn t stop thinking this all and crying about it. i wish i could be helped.. tl;dr i ve never been able to keep any friends dominoed after an accident with a bat and i ve built myself an empty shell of a life for compensation of being a basket case."
1450,0,Mental Health Risk,mentalhealth,The-local-cryptid,1595503969,2020-07-23 21:32:49,250,"hi-hello i m 15 and i ve recently started to notice that i show some traits that wouldn t be chalked up to normal social standards. for example i lack empathy and can t really read people most of the time i don t have a moral compass-or well one that works i don t care about my family members...which is quite weird because they really haven t done anything to me-like i couldn t care less if something happened to my mom i just would feel shiz i have one (1) singular friend that i don t even talk to that often, most of the time i just hang around people that are somehow beneficial to me but those are more of just acquaintances than anything i just don t c a r e about people in general they can do whatev i don t have a problem with stealing something or committing a minor crime : i don t care abt my or others well being honestly there is probably more wrong in my clusterfuck of a brain but these are the things i could remember of of top of my head. i know these things should probs be talked abt with a therapist but mine isn t really that helpful sooo... i know this this is a very broad list of things but if anyone can give me some kind of diagnosis that i can at least bring up to my psychiatrist that would be very helpful"
212,0,Mental Health Risk,mentalhealth,queensuloser,1552705932,2019-03-16 14:12:12,420,"i'm not sure if anyone else has struggled with this. for years i have viewed visiting a psychologist, therapist, mental health professional...etc as a silver bullet to solving my mental issues, but i always kept putting it off (something about telling a stranger my personal problems scared me, especially when considering the high price). i knew deep down i desperately needed therapy to change my mindset on life and to control my anxiety depression. i've been struggling a lot recently (especially with anxiety and depression) and its starting to change who i am and it's impacting my life a lot. so i finally decided to book a session. i picked one of the top rated therapists in the area (who has written a book and has an endless list of testimonials and has done speaking events). i overcame my anxiety to see this person, knowing this is the first step towards fixing myself and towards a better, healthier life. but god it was a disappointment. it was worse than the worst-case scenario i created in my head. he didn't let me speak about my thoughts and feelings - he didn't even ask about my life. he just asked for some basic info and continued to ramble for over 2 hours while i stayed quiet and nodded my head. he made assumptions about who i am and i feel attacked (eg. telling me that my parents did a bad job of raising me or saying i shouldn't choose to hide in my room all day even though i'm extremely active and go outside a lot). i feel exploited. the guy made easy money off of me (the session cost a lot) and provided me with 0 value - not even letting me speak. i'm financially in a tight spot and i feel extremely guilty for doing it. its been a week and i feel extremely hopeless and depressed. i got over my anxiety to see someone and it turned out to be a horrible experience - that too with someone so highly ranked. this was supposed to be a big first step towards bettering myself and instead i feel like my time, courage, and money went to waste. i feel like a burden and that there is no hope. i'm not sure why i'm struggling to get over it, but i just feel hurt over the experience. has anyone experienced anything similar? how do i get over this mental block? is therapy even worth it or is it just endless talking?"
909,0,Mental Health Risk,anxiety,Zealousideal-Cost-69,1613791202,2021-02-20 14:20:02,276,"i m not sure if this is related but i m pretty sure it is. 10 years ago i had a stillborn daughter. healthy pregnancy and two days before her due date she no longer moved and i went to the hospital and her heart stopped. i had to give birth (not a c section) and then my placenta wasn t coming out so i had to go to the o.r. well...ever since then i get horrible horrible anxiety anytime something is wrong with my health wise. i have a lump and i assume it s cancer and the bad kind of cancer that gives me two weeks. i can t go on airplanes because i m convinced this will be the one that goes down. my son goes out with his friends and i think the worst. i m deathly afraid of death. i have two kids and i m trying really hard but it feels too much. i m going to the doctor on tuesday because i m convinced that something is physically wrong with me. covid hasn t helped. i feel cut off from all social situations just like everyone else. i can t focus on anything. my doctor upped my bruproprion 2 days ago. i was on 150 mg for years and now 300 mg. does the initial anxiety go away? i had to take klonopin for the first time in a long time tonight. also, indica weed helps me tremendously, but does anyone know if i can take it with bruproprion? my doctor doesn t actually know. sorry if this was triggering. i m wondering if anyone out there feels similar?"
1741,0,Mental Health Risk,mentalhealth,Kooky_Historian_8517,1656842821,2022-07-03 20:07:01,219,"my friend was sitting outside then a patient approached him asking for a cigarette he said he doesn t have any. he looked around and saw a man wearing a mask from the hospital staring at her and following her. she said to my friend i think i am going to kill myself, jump in front of a car or commit a crime. my friend who is a healthcare worker asked her to come with him inside the hospital he asked her what happened to her she said her family died. and her friend too. my friend asked her to wait for him and went to the er and said i work here and a patient just approached me and explained how he is concerned over her safety. they kept dismissing my friend and reapting that a psychiatrist discharged her. the woman said then she never seen a psychiatrist and she was just left on bed for two hours. the man then whispered to my friend she is just drugs abuser. my friend left after hearing this and tried to explain to security what happened they said she is just a homeless person. we dont keep them here. my friend tried to call a social worker and no one was available. can a hospital kick a suicidal patient out?"
1244,0,Mental Health Risk,lonely,CommunityFalse,1628824423,2021-08-13 13:13:43,182,after work i go to the cemetery at the end of my street to drink before going home. because me and my soon to be ex husband still share a bed and he hates me. idk why we share a bed we have an uncomfortable couch and he's moving out within the next month finally but man it sucks sharing a bed with someone you just wanna wrap your arms around but instead half sleep all night so you don't touch him. man i'm lonely i have no one and it sucks not talking about it. i need to make a therapy appointment i know. lmao man but anyways anyone wanna be friends. i'm 30 will be divorced within the next 6 months lol and i'm always sad but will smile as often as i can. i live on the trauma boat i swear i could talk about my life and listen to other people's life's for a long time so i guess if you wanna trade sad stories or just talk about the stress of each day i'm about it. hmu
1696,0,Mental Health Risk,depression,--Istvaan--,1661841686,2022-08-30 16:41:26,58,i took care of my dad for 2 years and then had to take him off life support and watched him slowly die over a 9 hour period where me and my brother took turns holding his hand. this one moment colors everything in my life and i don't know what to do to get over it. help?
1182,0,Mental Health Risk,lonely,mothdusterr,1570614429,2019-10-09 20:47:09,311,"it s been a long couple months, weeks, days..i m a 19 year old possible alcoholic musician, no job, high school drop out (recently re-enrolled; attempting to continue). i m staring at the screen thinking of what to write, from the childhood bullshit; the reoccurring absolute trauma from the never ending, uncountable amount of emotionally, mentally, and sometimes physically abusive stepmoms throughout my childhood; to my current anxiety ridden, present self. referring to my confidence, i ve had body imagery issues since i can remember; being bullied through my entire middle school life because of my weight, not only by my peers, but my own family, my grandmother, my own father. my friends seem to be fed up with me for some reason. i ve spent up to a week straight in my room, stuck in my thoughts, pacing back and forth, writing in my journal, breakdown after breakdown. sitting on my floor, in tears, head spinning, can t stop. i throw all my emotions into my writing, not necessarily songs or poems or any of that shit, just writing what i m feeling in the moment; the ugliness. shoulders marked up, why? i dont know, that s what s been getting to me recently. why am i so down? so lonely feeling? i have a good amount of people that know who i am, know my music and see us play often. but i feel so alone. i ve been thinking it may be because of my downfalls which is why i ve re-enrolled and taken time to focus on that, but i just still seem to always have this knot in my gut of peer anxiety. typing it out seems so stupid and reading it back and knowing what i m typing seems even more stupid, but i know it will come back, it always always does. goodnight r."
361,0,Mental Health Risk,depression,throwaway1994des,1567634616,2019-09-05 08:03:36,393,"i'm a destroyed man. people did whatever they wanted with me. they used me and then threw me away. i couldn't even trust my own parents or teachers. i no longer live with my parents. my father cheated on my mother with other married women, sank our family in debt and made our home uninhabitable. he often came home drunk and smashed the dishes and furniture in rage. he owned several dogs which he would take out his frustrations on (basically torture them). my mother did everything she was told. she let television dictate her life, go involved with leeches and sent herself on a spiral of self-destruction. they also made sure to make me defenseless whenever possible. my mother would force me to give my bullies a handshake, completely unaware that they didn't give a shit about me and would beat me the next day. my teachers used me for whatever agenda they wanted to push. usually feminism, but there were some conservative types here and there. both hated me and would sometimes side with the bullies. girls would use me to make them homework, but i was never allowed to show interest on them. if that happened, rumors would circulate about me being a creep. they would call me disgusting and wanted me to die. i don't have any hobbies, no close friends, no partner. i no longer listen to music or play videogames . everything i do feels like work, including exercise which i absolutely hate. yet i have to pretend that everything is ok. after all, i have to do what everything else does right? just study and work until i die. i don't feel any joy from ""normal"" achievements such as having a job, yet i'm nudged into keeping the narrative alive once again. i suppose it doesn't matter. today i'm mourning, because the person i wanted to be is dead. it's been dead for a long time, and no proper ceremoy was put in place, so i figured a post on reddit was as good as any ceremony. is there any way a child can eject itself from a situation, such as mine, before becoming destroyed on the inside? there's no longer hope for me, but maybe some measures could be put in place to help these children? i also welcome you to share your experiences here."
1473,0,Mental Health Risk,lonely,xiaosha_dow,1605140750,2020-11-12 11:25:50,51,"im 18yo studying at university in a foreign country, idk, i guess im kindda homesick? i like playing games, anime also just going for a walk. i really want a friend but, i don't think i can make any friends with these hobbies, just need some advice, pls be nice ."
678,0,Mental Health Risk,lonely,AngelDevilgirl,1576358257,2019-12-15 08:17:37,283,"but i'm more alone now than before. i have lived 3 hours away from my family since i was 18. i had pretty much the same job the whole time. when i lost that job i realized how unprepared i was and how easy it would be for me to become homeless. i decided to move back home so that i would have a better support system. my mom said that i could stay in her camper rent free until i got on my feet. everything was fine at first but then... she started constantly asking for money and running all of the gas out of the truck that i use to go to work. she throws fits if she doesn't get her way. i was giving her at least 5 a day and spending 80 a week in just gas. that may not be a lot for some people but i make 9.25 an hour... she decided that i needed to leave about a week ago. i thought that because i had family around and a full time job that i would be okay. nope. the only place i could find is the run down motel that we have here in our small town. today is my last day here because i have dogs and they dont really allow pets. i'm almost literally surrounded by family and i have nowhere to go. people that i would have done anything for, dont care about me enough to let me sleep in spare bedrooms, on their couch, or let my dogs sleep in their yard so that i can stay in this motel. i have literally never been this close to just giving up."
1621,0,Mental Health Risk,depression,Throwaway56939292,1553457292,2019-03-25 06:54:52,444,"my girlfriend and i have been together for about 2 years now. i helped her when she needed me. when her step dad was hitting her and she needed a safe place to stay, who was there for her? me and me alone. i let her come to stay with me whenever she needed. i'd help her with money even though i was a broke university student. i loved this girl so much and i genuinely cared about her. i'd do whatever i could to help when her family situation got bad. she even moved in with me for about 7 months because of her abusive parents (both her mother and step father were abusive towards her). i helped that girl get on her feet. i helped her find work. i helped her with literally everything i could because we were so close. she said she wanted to spend the rest of her life with me and she literally couldn't imagine ever being with someone else. then she got back on her feet. this is when things started to go downhill. she'd be nice to me when she wanted things, like she needed help paying the deposit on a place for herself. we both agreed she needed her own place as mine was a bit small and now she had a job she could afford it. so i helped her by paying half the deposit. when she moved into her place, the texts got colder. she'd always call it ""our"" place and say i was welcome whenever, only when she wanted something. i should've seen the signs. but i didn't. i ignored them. as she got colder and colder, i only began to realise what she was doing. when i had to leave university for personal reasons and needed somewhere to stay for a while, she said it was ""her"" place and i could stay for a few nights, but couldn't live there even for a while. i needed to stay for a few months while i sorted out work. this was at a time when my father had just died and i was completely distraught. i had fucking nothing. after all i'd done for her she wouldn't help me the same way i helped her . i'm practically homeless at this point. i've got nothing left. i helped someone who i thought i was in love with who in reality was just using me. i have nothing left. my mother is too ill to do anything, my dad is dead and the person i called my girlfriend is being a cold ungrateful bitch when i need her more than anything. why even live?"
1089,0,Mental Health Risk,depression,Literal_abyss,1636329373,2021-11-08 10:56:13,561,"i really need some advice fellow redditor s. or maybe people have similar stories they would like to share. so a bit of background i (17) have struggled with depression through my teenage hood. it got pretty bad when i was 14 and i completely dropped out of school for a year and went basically no contact with anyone. when i was 15 i tried to get back into education however it only lasted a few months before i dropped out again for another year. however my life started to get better in 2020 due to covid (which really suck due to how bad the whole world condition was) i started talking to my friends more and playing games together as they were also at home and also due to covid i got gcses ( basically i was a gcse student but was not at school from year 10 to year 11, but i did go back to school for those 2 months and during those months was mock exams. i didn t do spectacular but i did get passes in the core subjects. due to this i got my predicted gcse grade) so when the new school year came i decided to take a year to resit 4 gcses as i didn t feel like i earned the ones i got and want to do math at a level and i needed a higher grade. this went really well for me and was the first time i had completed school year since 2017. i had been put on the right medication and was leaving the house 4 days a week. now the problem i have is that i started my alevels this fall and it wasn t going really well for me. i didn t like one of my subject and i had no friends at this collage as well as my transport took about 3 hours a day and i was going 5 days a week. all of this overwhelmed me and i have been of school for the past 6 weeks. i hit a really bad point where i was eating less than 200 calories a day and not taking care of myself at all but thankfully i got out of that. but i am still not in school and am so miserable (these breaks are not by choice i love school so much and just want to be a normal person but i just can help and spiral) i don t know how long this will last and generally thought my life was getting better. does anyone know why this happens? i know a few people diagnosed with depression but when they go through rough patches they just suck it up and continue life it is so admirable and i don t know why i can t do that. does anyone have any advice on to get back into society, at this point i don t care about feeling better i just want to be a normal person. i can t afford to waste another few years of my life thanks to covid i got a second chance and i am so many people don t get a second chance. thanks to anyone who has read this and i am sorry for all the spelling and grammar mistakes because i know there will be a lot lt;3"
1987,0,Mental Health Risk,depression,CynicalAle,1571706725,2019-10-22 12:12:05,2071,"hi, i am kinda venting here but i'm also hoping that someone can give me some insight if they went through something similar in their life and tell me that it wont always be like this. that there really is a light at the end if the tunnel i will try to sum up my life until the present day as short as possible. i will add a tl;dr version at the bottom i was born in 1997 in italy to parents that already separated before i was born (they never married) my mother being italian and my father croatian, they each lived in their respected country. i am youngest of the three, i have a brother and a sister. already at young age myself and my siblings were used a lot of times as pawns in our parents war against each other, ranging from making big scenes in public places to seeing our dad beat up our mom when i was just 4 years old (not something easy to forget). now as i said, my dad lived in croatia and i with my siblings lived with our mother in italy until 2003 when she had a great idea of leaving a safe life there to live in bosnia which was still recovering from the recent war. i started school there and since i didnt speak the language very well it was hard fitting in. i was ridiculed on a daily basis for being an outsider. only after 7 years of living there i managed to have more than 2 friends, but that didnt last long. my best friend at the time got into a relationship and keept putting this girl infront of me even on my birthday which was the last straw and told him i had enough of his bull so i broke contact with him, in return he started a gossip that i wanted to steal his girl from him which made me lose the few friends that i had at the time. i was alone again for a while, but then something happened. i joined a theater group and my social life hit off from there. i had made so many great friends, interesting people and genuinely nice. i had relationships and had girls show interest for me. the point being, i went from 0 to 100 really fast and i got used to it pretty fast too. i forgot about the shitty past during that period. my siblings left my mother and i, one at a time to live with our dad (who was doing well for himself) because college was better in croatia than bosnia, so i was the one who lived with her for those last few years. at this point she wasted all her money she brought with her when she sold her apartment that she got as a gift from her dad (without telling him) and the projects she expected to do there for a living flunked. so now we were dirt poor, barely enough for food, not enough to afford heating in the house during winter, clothes that didnt fit me anymore etc. i didnt let that bring me down, even though i didnt like that life style my mother took that little into consideration. those were my 2 last years of high school and as the time to sign up to college came closer i started getting more and more pressure from my parents about which college i want to go to, not even asking me once if i even wanted to go to college in the first place. my brother and sister were already in college so there was this expectation built in for me from everyone i knew. i will admit it, i was never a great student so further education didnt interest me in the slightest, i wanted to work instead. my parents wouldnt have any of it and forced me to go anyway. so at this point i moved from bosnia with my mom to croatia with my dad, it was hard since i feelt horrible leavint my mother alone, even though she guilt trips so hard. i flunked the application exams for college twice, which resulted in me losing a year and not getting anywhere. this one year was hell. i had to leave all of my friends, activities and social life for something that i did not want... up until now that i lived with my mom, she didnt get involved with my buisness too much, however now how i moved in with my dad which was physically and mentally abusive. i caught a couple of beatings here and there just for my disinterest in college. my brother being the first that moved in with him was the first that ""ran away"" from him and moved to denmark, my sister remained but she became 'diferent' under his influence since she left my mom and me, my dad converted her into heavy religion and them two started having a very very weird relationship. every word he would utter it would be like a word from god, to be praised and admired even if it was something sick. now i was living in the family (dads side) house alone with my sister, my dad married a girl only a few years older than me and made a child with her so he moved to an apartment with them away from us. life then was constant arguing with my sister, we disagreed on pretty much everything, so she used her good relationship with my dad to make me look even worse than what i already was in his eyes which resulted into more abuse from him. and it started being a tag team of them versus me at every turn. at one point my dad calling me the black sheep of the family. during this one year i got close with my step mom to the point where my dad thought i had an affair with her, so he forbade her to have contact with me, even though she was my only friend in this new environment. the pressure was getting to me so when i was hospitalized one time for a few days due to an allergic reaction, i asked a doctor there to send me to a therapist in discretion since i didnt want anyone in my family to know especially my dad, that i started going to therapy and started taking antidepressants and anti anxiety pills. this however made me lose my job because my boss found out that i took xanax during work. it was stupid of me but i was only 17 at the time and i really didnt knew the side effects of it all. i had to tell my dad i got fired but i couldnt tell him why, this resulted in more mental abuse and shit talk. i opened up to my brother that was in denmark and he convinced me to stop taking the meds, i stopped going to group therapies and got an internship job at a small company, and things seemed to have calmed down. but i still had this enormous fear when i would hear the house door closing and seeing that it was my dad coming to ""pay me a visit"". i eventually stopped feeling any joy until i met a girl online, we started online dating and then the idea came that i went to live with her in austria(she is 10 years older than me). it was a scary idea but i was ready to make that leap of faith just to get out of the situation i was in. once my father caught wind of this, shit hit the fan for the next two months as i passively pushed my plans to leave and him trying to stop me. this girl came from austria down to croatia just to meet my family the day i was supposed to leave. the day of me leaving, it was chaos as my dad pulled strings for some people to check her up to see if they can find some dirt on her but once he saw that he couldn't stop me anymore he asked me to take a walk with him (an hour before departure). this was the first time he spoke to me as a human being since years, and tried to convince me one last time how this was a stupid idea. i left, i started my life in austria, i was happy, i worked, i learned new things, i grew as a person, i met new people, and most importantly, i became independent. i keept contact with my father on a monthly basis with a few short messages. my mom on the other hand was broke and asked me to help her financially which i did but it started to annoy me that she keept going her ways on doing things despite years and years of no fruitful result. as time passed and i grew, i started realizing that the happiness i had was replaced by some sort of void of all emotions bit by bit. 3 years went by so fast, and my relationship with this girl now became pretty toxic on both ends so i decided to end it, which was probably one of the hardest things i had to do yet since i loved her dearly and still do but i realized the relationship wasn't healthy anymore for anyone. in these 3 years that i was gone and became independent my father changed his mindset with me. i started feeling that i could build some bond with him despite everything that happened. as i started to look options where to go next, my brother told me that he is going back to croatia, so i saw this as an opportunity for us to live together again after so long and i took the chance so i decided to come back aswell. and things really are diferent. i can speak with my sister and my father normally and even have a bond with them. as much as i have changed and matured in a way they changed aswell. so now we come to present day. i came to croatia and i decided to try and learn how to make a buisness around a thing i started. at the same time i applied to college as a 'joke' and funny enough i got accepted so i said 'why not? i might meet someone' so i became a student a month ago. so why am i posting this then? things seem to be looking good for me. well... no before i came here the one thing i was afraid of was regret. finally things are calm for once, but now that i am here, i feel like i made the wrong choice, why? because every time i wake up i dont see a point in getting up anymore, every time i go to sleep i am keept up by existential questions of whats the point in all of this that i am doing? because when i am not focusing on something for longer than 5 seconds to distract me i have very negative thoughts. because i no longer find joy in doing anything and i havent feelt excitement to do anything in a long tome. because every time i come home either from grocery shopping, to a beer with the one friend i have, i want to simply stop existing, yet i am too afraid to take my own life but at the same time i am afraid that a day will come soon where i wont be scared anymore... i dont want to be too bitchy, i am 22 right now, i know that there are people that go through a lot worse with a strong will but the problem is that i dont feel any strength right now to overcome any obstacle. tl;dr had a rough childhood trying to fit in and have friends . family was pretty chaotic all around so i kinda ran away from them after high school to live with a girl i met online but after working 3 years i broke up with her and came back but now i dont really see a point in life if you read all that, thank you ask me anything you want if you have any questions"
1847,0,Mental Health Risk,mentalhealth,chloemae6,1646789522,2022-03-09 12:32:02,206,"at this point i'm not sure if i have pmdd, postpartum depression, anxiety, or all of the above but my relationship is struggling. i'm one year postpartum. i haven't tracked anything, though i know that's the best step but things definitely get bad the week before my period. my husband has noticed we didn't like no other during this time and it's really impacting our marriage and the wife and mom i want to be. i have a virtual psychiatrist appointment scheduled for this weekend but wanted to post here before i go. symptoms i'm currently having: feeling blah, uninterested, and bored with everything in my life constant fights with husband especially during hell week poor communication (basically i just space out fight or flight almost) lack of memory confusion feelings of loneliness, wanting to leave, and withdrawing from everyone spaciness - i can somehow waste hours doing nothing and don't even realize it yelling aggression easily overwhelmed apathetic towards my children, especially when they are crying all of these symptoms don't just happen during hell week but they are amplified during that time. anyone have suggestions for my appointment? do i just share all of this? then what? any and all advice would be helpful."
987,0,Mental Health Risk,anxiety,Azwren,1626136467,2021-07-13 10:34:27,81,i get panic attacks that come out of nowhere per the usual. they often found around times of things i really don t want to do or high stress situation finally deescalating. my question is does anyone have a cough fit tied to their attacks? most people have pain but i have massive sinus and coughing issues for up three hours or more if i basically don t knock my self out with benedryl. feelings alone in this type of attack.
1512,0,Mental Health Risk,depression,nasim_r19,1553371810,2019-03-24 07:10:10,119,"just got rejected from my number one choice college, despite it being one of the lowest ranked colleges i applied to. i had an average to above average application, and i got into 3 schools so far that are ranked higher. i had planned out my whole future there with my friends (that already go there). i ve been crying all day and idk what to do. honestly i didn t think i was going to get denied, i thought it was a for sure match school. this just made everything so much worse. i know there s a ton of people with far greater problems, but i ve never been this upset about anything in my entire life."
111,0,Mental Health Risk,depression,ahbrizzzzz,1628306730,2021-08-07 13:25:30,143,lost my best friend last december and i m still numb to it. he s the only mf that understood we went thru the same shit constantly i really connected w him but he s gone now. he od on his anti depression meds ate a months worth. just wish i could tell him how much he helped me grow how much he helped me understand why wasn t the only one with the burden of depression and social anxiety. i understand why he took his own life i don t wish i told him not too just wish he understood how much he did for me if he wasn t my friend i d sure as he ll be 6ft under or scattered in the wind. sorry if this shit ain t coherent my mind is permanently racing. i love you bro.
1487,0,Mental Health Risk,anxiety,Quelbeauarbre,1631950897,2021-09-18 17:41:37,117,"i (19f) have been having symptoms very similar to ra for two yrs (haven't been diagnosed since my bloodworks are mostly normal except for crp and esr) and my new therapist is suggesting a slight possibility that my arthritic symptoms might in fact be symptoms of anxiety. problem is i never had anxiety before i first started to experience pains in joints (both wrists and all knuckles), so i don't think the pains are a result of anxiety, but i do find that some of these flare-ups came during an extremely anxious period (or maybe it's the other way around, the pains were what made me depressed and anxious as hell, idk). anyone with a similar situation?"
1453,0,Mental Health Risk,depression,Shixie_Liy,1593165406,2020-06-26 19:56:46,306,"during my 3rd year in university (back in 2017) i was diagnosed with clinical depression, after an attempt to bleed myself out by slitting my wrist (i took a picture of it cause it made me happy that despite my fear of blood i ve finally overcome it in that moment of wanting to die; in my head, it was my proud moment). i have people often asking me if it was something i did over love and i can t stress enough at how much this angers me cause it had absolutely nothing to do with my partner at the time. i was feeling worthless and like my existence didn t matter and that maybe everyone would be better off without me. things have been great occasionally, but the lows are really low. and i ve noticed how my emotions just cut off when i feel a wave of depression taking over. i don t want to talk to anyone about anything, i lose interest in my future and i know i feel sad deep down but i won t let it show. i eat away my feelings and lose sleep over the worst nights. if you ve ever felt this what do you guys do to overcome it, besides just waiting for it to pass over. ps i won t talk to anyone who knows me personally about mental health issues cause it ll make me seem fragile and weak and open for pity (except for my boyfriend; but we are going through a rough patch right now and he has his own matters to deal with), so talking to someone close isn t an option tldr; if you ve felt it, how do you guys, handle that blank, i m so tired of all this feeling when you know you re crumbling down."
383,0,Mental Health Risk,depression,nightwing185,1578427275,2020-01-08 07:01:15,91,"if this is not the right sub please feel free to direct me to the proper one. i was just prescribed sertraline, but my doctor said to not drink alcohol while on it. does that mean absolutely zero alcohol? i do not want to risk serious damage to myself. usually once a week i go to the pub i bartend at as a customer because our food is amazing and i'll have one or two old-fashioneds. should i just rule that out completely or will i be ok having one drink?"
1395,0,Mental Health Risk,mentalhealth,shweeno100,1626077257,2021-07-12 18:07:37,265,"i quit nicotine and barely smoke weed anymore. (i ve been high all day pretty much every day for years). i just felt like it was holding me down in a low place and i was using it to avoid my emotions and not dealing with them, i couldnt eat without smoking really or go to bed and now without it i cant enjoy some of the things that i used to. to be honest ive been depressed and anxious and trying to make a lot of changes in my life but this past month has sucked for me as well because i got some stomach issues going on, anxiety, and hurt my throat so i can barely eat and ive lost 10 pounds when i was trying to gain weight. and its already so hard for me to gain weight so fuck its just dismotivating. i have friends but feel like i have no close friends anymore and really only 1-2 people i can actually open up to and both of them live far away. my confidence is low and i feel like i can t talk to girls that i like anymore so ive just kind of given up. but despite how freakin depressing that sounds and is ive been trying to keep a positive mindset and grow but its so hard man. there s hobbies i want to take up but don t have the motivation or know where to start. i have a video appointment with a counselor tomorrow btw. sorry for venting but thats how i ve been feeling lately"
1054,0,Mental Health Risk,anxiety,Sad_Employment6928,1652478679,2022-05-14 07:51:19,85,i get chest pain and tightness pressure almost every day and i'm so tired of it. at night icing my vagus nerve really helps and i use cbd oil a lot too. does anyone else experience chest discomfort like that? it's like someone is sitting on my chest or squeezing me inside. also i know it's anxiety related because it clearly comes up when my anxiety is triggered and i used to experience the same thing as a child and tests didn't show anything 'abnormal'.
755,0,Mental Health Risk,mentalhealth,robertpercocets,1648263166,2022-03-26 13:52:46,131,"lately, when it comes to social media platforms like snapchat and messenger apps with friends i have been noticing a bad habit within me. when friends don t respond back or gives a 1 word reply it makes me feel extremely bad about myself and it makes me overthink if i did something wrong to them. when in reality, they are just busy with their own lives and the huge social interaction difference of texting a person vs seeing them in person we re happy to see each other and that s that. i don t know why i have this thought process of if i get ignored i feel bad about myself . i uninstalled all social media except reddit as a way to manage that bad mental thought habit."
324,0,Mental Health Risk,depression,freddybot19,1611161200,2021-01-21 03:46:40,35,and i wanted to say goodbye thank you all for trying to help but it s time thank you all thank you everyone for trying to help i love you all but i m sorry
1623,0,Mental Health Risk,anxiety,BumjeeZX,1639593287,2021-12-16 05:34:47,141,"i've had anxiety disorders most of my life (social the entire), and even the smallest things affect me. i recently gave an online friend dating site a chance again after a many year hiatus, had a great conversation that lasted a little past when i normally try to sleep, and i just couldn't shut my thoughts down afterwards. took a long time to sleep, woke up two hours later and still couldn't stop thinking which is brutal on me because my chronic pain from diseases is difficult to cope with without some recovery at night. in the past, when i dated in person, i would also have this issue. someone would stay over, and i would end up awake all night while they sleep. just get ridiculously anxious around people and not sure how to overcome it. anyone else experienced this?"
787,0,Mental Health Risk,depression,JustAnotherShyPlant,1590377611,2020-05-25 13:33:31,71,"hi all, i work hard. i work really hard actually. at everything i do. i used to be a musician in high school and college. i would practice all the time. i never could make anything of it. i went to school and study maths and physics. i never really grasped the concepts and always felt so unbelievably inferior (i still feel like i have trouble doing basic work in maths)."
368,0,Mental Health Risk,mentalhealth,LuskSGV,1632866921,2021-09-29 08:08:41,181,"i (22m) have no motivation for anything. i have these great plans to be a filmmaker but i can't find the will to work towards any of that. i am a restaurant server only working four shifts a week, if that. i'm constantly giving up those shifts because i'm so unmotivated. i've been depressed for as long as i can remember. my self esteem is low, i have intrusive thoughts constantly, and i have a debilitating addiction to my phone (and porn). i'm so fucked up right now. i know that if i worked balls to the wall for two months then i'd have enough to cover the basics for gear but i can't bring myself to do that. i hate my job but i don't know if i just hate myself, or my job too. i still live at home so i don't half the bills i'd have if i lived on my own. i am in the perfect situation to save up money but i can't bring myself to do it. i'm at a loss. i need help badly."
1819,0,Mental Health Risk,anxiety,Muted-Scientist166,1651218394,2022-04-29 17:46:34,83,"hello, i have an issue, maybe, i will always take care of my closest persons around me a lot and that makes me feel sometimes depressed and anxious. so if someone is unhappy or pissed of at me it makes me feel this way. this probably happens because of my relationship with my mother throughout my childhood teenage years, that i didnt get enough care or compliments, and she would be too rude also to be around. how can i overcome this? :"
69,0,Mental Health Risk,anxiety,notnowshelby,1562778952,2019-07-11 03:15:52,81,"i haven had panic attacks in two years and suddenly i m having them every day. i know it s illogical but i m just certain anything and everything is going to kill me for some ironic cosmic reason. it doesn t help that bad, unusual things (a random death threat online, the biggest earthquake in 20 years, etc) seem to be happening left and right all of a sudden. how do i stop seeing patterns where there aren t any?"
857,0,Mental Health Risk,mentalhealth,wiselifestylechoices,1549450680,2019-02-06 21:58:00,74,"this is a link to an article explaining more about eugene the record breaking egg on instagram. it turns out that this is a part of a viral marketing campaign to help spread mental health awareness on an international scale, what do you think about it? do you think we need to see more of this embedded within social media to help expose younger people to further guidance with regards to mental health education?"
1483,0,Mental Health Risk,anxiety,LopezGoa2995,1615795673,2021-03-15 19:07:53,220,"please let me know if this is not the place to post this. this weekend recent events in the world and in my life triggered something in me and this weekend i went through it bad. on saturday i woke up like normal, and i was going through social media and generally scrolling on my phone and something just triggered me. my heart rate shot up, i felt this huge sinking feeling, i was constantly on edge, and i was just fearful of things that i really shouldn't have been. i was to a point paralysed by it, i slept nearly all day because it was the only time i was really at peace not worried about random stuff. since, i have deleted most social media, twitter facebook instagram, all which i can't really control the content (i feel like i have some control on reddit with the subreddits that i follow only contain topics that i enjoy). i called my friend up and i talked about it which really helped, in the moment, but i have still had small spikes here and there over the rest of the weekend! main thing is that i now feel a bit lost and get these random flairs, does anyone have any advice on how to get on top of it at all?"
1555,0,Mental Health Risk,depression,lewisgoodyy01,1547426021,2019-01-14 11:33:41,820,"i feel like i have fucked everything up in my life. my relationship with my mum is terrible cause of me. i started smoking to get away ans she didnt like that but it helped so much so i continued. it was not worth it one bit id always get in trouble and do all this stuff to make my mum mad and upset at me. i got in trouble with the police and my mum was yelling take him to the station and she basically didnt want me it felt like like i was a mistake and that i failed my mum. at one point i was just getting yelled at all day by my mum. it got to the point that we wouldn't even talk to each other she wouldn't say goodnight and i love you those simple things but it gradually got worse. then we were invited to go to florida for a wedding and i called her out before that she hast talked to me in months and i was forced to apologized because i made my mum upset. i really dint get that at all. i am such a shy person i never talk about my feelings because im like who cares ill just be annoying so ill just cry to my self and try to answer my own questions. that didnt help at all cause it only made it worse. before this in elementary school i was bullied physical and thrown into mud and pushing and even punching and nobody would do anything to help. i was also bullied emotionally by being excluded from everything and name calling. so i started hanging out with girls cause obviously guys were not working. he began calling me gay because i would be with girls instead of guys and this went on for a long time. through out the entire time i was there by the same person and idk why but i give second chances like its nothing and to the wrong people. the person bullying me stopped in grade 7 and i tried being friends with him and then we hung out and he chocked me and i went running down to my dad with tears running down my face. since then ive never talked to him. then in grade 8 another person started bullying me this was a lot more physical and he would run jump and hit my head from behind, pick up snow and rub it in my mouth knowing i had sensitive teeth. it was basically a living hell and my grades dropped because of it. i got an iep and got special attention to help me. i still have it to this day. then high school came around grade 9 and 10 were the best years of my life i wasnt being bullied i had good friends a played soccer competitively and having a blast. but i noticed on my team i was always the one picked on, i never thought anything of it because it was no where close to what elementary school was like so i thought it was boys being boys. this didnt really affect me at all. then grade 11 and 12 came along. our friend group began maturing and like everytime i was the one picked on but this was mainly verbal and i dealed with it because i have no one else to go to, this is still happening im in grade 12 now about to go into second semester. i just hate myself because im always the one picked on and they always say its a joke but it happens so much and it literally kills me. so thats my school career just a bunch of bullying. because of all the bullying i lack self confidence i gained a speech disability stuttering, and im really shy and idk how to express my feelings. my parents also forced me to leave my best friend who id smoke with alot, we grew up together and i knew this kid so well he was like a brother. my parents were such assholes to me while i was friends with him saying hes using me and all this stuff. as soon as i stopped hanging out with him they got better. i loved this kid tho like we would hang out together do everything together and for it all to be taken away for my parents happiness and not mine hurt so much. i just cant wait till university so i can live on my own with out them i feel ill be so much happier. my mood on everything is just so low and it feels like everyday im sad and i rely on my friends to make me happy, and i dont see my friends often which upsets me cause they help alot without knowing. i wish i could tell them but im too scared."
1691,0,Mental Health Risk,depression,BuckMySickAndDalls,1634781892,2021-10-21 13:04:52,87,"stuck in the mud, but not like a stick or something that should justifiably be stuck in the mud. more like a teddy bear that got thrown out because it was missing a few stitches and is now dirty and slimy and stuck in the mud. my life seems to be moving nowhere. nothing gives me any emotion, sadness, happiness, anger, nothing. it s like im just frozen in time. things go down, come up, nothing changes. i d be angry if i could still feel. fuck"
1474,0,Mental Health Risk,depression,dropthebassoon,1559603796,2019-06-04 09:16:36,110,"my mom saw something on the news that said vitamin d deficiency can cause symptoms of depression and it's almost like she went ""son depressed no vitamin d."" i'm not even diagnosed yet (fuck do i feel like it though) because she's so hesitant to let me see a psychiatrist and i'm too much of an anxious wreck to do so myself. i don't think she's been taking me seriously and it fucking sucks. i'd say it hurts, but it's about how i expected her to react so i'm not too surprised. haven't even told my dad yet because he'd probably understand less than my mom does. home is overrated."
1798,0,Mental Health Risk,depression,booze_before_bills,1581900297,2020-02-17 11:44:57,167,"i have been taking depression pills for over 2 almost 3 months and i realized i am turning into a completely different person is suddenly i woke up in someone else mind but in my body, the problems i had before are not even close to the ones my brain are generating, first month felt amazing like i was in the top of the world know i just can't handle this new me cuz i have no guidance my parents act like they know everything about depression, but after 6 ducking psychologist no one absolutely none of them told me that i had to go get psiquiatric help, now after 2 and a half months my suicide thought are coming again and i just can't handle this much pressure of somehow knowing what to do, and i ask myself why the f me i would've loved to have cancer instead of f mayor depressive disorder, people would be more careful about your situation i just can't anymore."
478,0,Mental Health Risk,lonely,FinnKafka28,1641842941,2022-01-11 06:29:01,218,"i haven't felt this lonely in a long time. no matter how hard i try, i only seem to attract people who would pretend to be my friend cz they needed something from me or abandon me when they see that they can't get anything from me. i never really had a true friend who cared about me in any real way and there's a significant chance that i will never find anybody like that. i have always overextended myself to my ""friends"" when they needed emotional support and even financial support at times even though i was in need of it myself. and all i ever received in return was abandonment, deceit and lies about how they value our friendship even though they leave within months. idk why i have given myself a decade of lifespan from now. i will never find anybody who cares about me. hell, people put there don't care about the people in this sub, i'm no exception. there is no version of future where i find people who genuinely care about me just like all the other people in the world that pass away without anybody caring. so why am i prolonging my suffering for another 10 years? i truly don't know... i'm lost af rn. everything seems meaningless, because it is."
281,0,Mental Health Risk,anxiety,double_u_23,1591128831,2020-06-03 06:13:51,256,"so i had my psychiatrist appointment today and after a couple of failed medications, the last been effexor (venlafaxine) (which gave me insomnia amp; i decided to stopped it) his next step was to start me with 20mg once a day of cymbalta (duloxetine) for a week, then twice daily. he told me that depending how that goes he can go up to 60mg and also add gabapentin. i also suffer from chronic back pain and he thinks that i can benefit from those 2 medication for my anxiety and a little bit for pain relief would be a plus. im really hoping this works. im having severe anxiety daily. my diagnosis is general anxiety (severe) amp; social anxiety (i would say is mild most of the time, but if is a bad day it could get severe). is sad that i've to do some stuff that ik not going to mention for him to give me a little bit of xanax for the worst moments of the day, .5mg twice a day. i would say a sweet spot would be 1mg twice a day but he doesn't want to go there, which i normally wouldn't want either but at this moment i feel necessary. anyways, i was wondering if anyone here have an experience with cymbalta and gabapentin together and what was that experience like?. i have tried this medications (not together tho) and many others about 8 years ago with no ot bad effects but this time i'm willing to try everything again. anyone?"
1647,0,Mental Health Risk,mentalhealth,nonviolence1,1583093295,2020-03-02 07:08:15,210,"i feel like there's just nothing to life anymore. i'm in school, doing something that only really serves to make me unhappy because otherwise my dad would kick me out. i'm deeply insecure over my own attractiveness and that makes me feel like my girlfriend hates me. all my friends don't invite me to parties and act like i'm a chore to be around. i'm constantly irrationally paranoid and just feel like everything and everyone is out to get me. i can't move out because my part time job doesn't allow it, i've been going to the gym and even picked up a new skincare routine to improve my self-image, and i've even been doing breathing exercises to calm me down. none of it works and i'm sick of being anxious and miserable all the time. yesterday i convinced myself my girlfriend was cheating on me with her best friend when she isn't (for one) bi and her friend and i are on good terms. my brother suffers from severe anxiety and depression and i stole some of his pills from an prescription he'd forgotten about. i just don't want to feel this awful anymore, because the point of life is getting tedious. is this what it'll be like forever?"
1556,0,Mental Health Risk,depression,internet_geek245,1656882820,2022-07-04 07:13:40,118,"a month or two ago i was diagnosed with a brain bleed. at the time it wasn't so serious and the doctors let me off and told me to be careful, take my medicine, and soon enough i should be fine. then a few weeks later my grandfather was hospitalized and doesn't have much time left. now i'm currently in pa and am stressed about my mri scan coming up to make sure i don't need neurosurgery, my grandfather passing away, and my act score coming back in. some days the only thing that keeps me from blowing my brains out is knowing the toll that would take on my mom. i don't know what to do anymore"
1729,0,Mental Health Risk,lonely,LostHeartNJ,1565059687,2019-08-06 12:48:07,659,"this is a hard thing to write. the last 8 years of my life have been a lie. i can not say that i do now or have ever loved my wife romantically. i mean from our wedding night until today sex has felt more like a job i am supposd to do rather than something i want to do. sometimes its hard to even think of myself as capable of love. i know that i am but that ability is trapped under a thin vernier of who i am supposed to be and years of mistrust and anger. somehow last week i managed to dig deep down inside and find that old me, only he does not recognize the world he is in right now. i think my marriage and the relationship leading up to it were just like me on autopilot and now that i am waking up i dont know what to do. its not like i don t try. the problems are many. she constantly takes her family s side against me in any dispute at least privately. she always argues the other positon if someone is mad at me. she always makes my bad days or bad things happening into how my reaction makes her feel hurt. i feel like i have no one on my side and no one to ever lean on as it all gets turned back onto me. this drives me away even more. i honestly don t feel loved, not in the deeper sense of the word. she really has zero interested in peeling through my layers because there is a lot of ugly. she does not like ugly. but i want to live, the real me, the one buried for so long but after moving away from friends and my old life i have no one with any connection to who i used to be and no way to get back there. i just live with the daily frustration of knowing there is the me inside yearning to be free and yet having no way of getting there and having no one to help. i used to be driven, brilliant, passionate, loving, selfless, and a pure romantic wanting to see the possibility rather than the reality. these days i am stuck in existing in cold hard reality. i am in my 40s living in nj and i have no idea how i got here. at least not the real me. i don t know what i seek other than help clawing my way through the dark layers and bringing this amazing person back to the forefront and actually living my life. what that help can be, who can get inside me and truly get to know me, or what that help will look like i have no idea but i am putting it out there in case someone does. you see what needs to go is this vernier and then the darkness. the darkness was snowballed by repeated betrayal and hurt and built on a core of childhood sexual abuse i don t even remember and only know by my knowledge of abusive sex from my very early childhood. no i am not now or have ever been abusive but the thoughts of what abuse is lingers in my mind. back when it was manageable and just a safety mechanism to keep me from getting hurt i was good. that is until i was betrayed and it became the driving force of my life. i made sure i could never be manipulated again and over the years it killed my ability to even feel. recently i began to feel again and that old me isn t dead but waking from a coma. but that old me, as i said, is lost in a world it doesn t belong in and without help i m afraid it will sleep again and i will never become who i once was."
210,0,Mental Health Risk,mentalhealth,738man,1618874602,2021-04-20 09:23:22,50,"it took a lot of work, but after realising that people don t really care and that they don t see my body as mutilated or gross is just freeing i felt like i would never overcome circumcision ever, i just needed to look outside. i m so happy rn."
297,0,Mental Health Risk,depression,WynterPhenix,1560294183,2019-06-12 09:03:03,295,"he had just recently turned 16 and had kidney failure. he was at the vet for 3 days on heavy medication with no improvement. i was so depressed the past several years that he was the only thing preventing me from suicide. truth is, he saved me. let me start by saying, i have only had him for the past 5 years and am allergic to cats. i have known him for 15 years though, as he belonged to my ex. six years ago (we had already broken up but remained friends) she was in a serious accident and moved across country to be closer to family that could help her and she couldn't take her two cats with her. the younger one we had found a home for, but not the older one. after a neighbor looking out for him a few months (as he was at her old house with no power) when during a snowstorm i knew he couldn't be there by himself and took him in while trying to find him a new home. after a couple of weeks i found a lady that wanted him. after dropping him off i really did miss him. a week later the lady called asking to come get him as he was not sociable. he is the type of cat that doesn't like new people and only would come around me since he knew me. needless to say i took that as a sign and he was my cat for the rest of his life. i surely didn't choose him, but fate had him choose me, and i am a better person for it. tldr: was depressed and wanted to die and cat i didn't want at the time saved me from my funk."
1884,0,Mental Health Risk,depression,kaielias,1637684613,2021-11-24 03:23:33,73,"i m not sure if vitamin d supplements work within a few days but i ve had suicidal thoughts and i ve hurt myself and bad bouts of depression for a few months. but a few days ago i started taking vitamin d supplements and while i still can see my issues lying dormant, they re much more bearable now. maybe it s just the placebo effect but it s working i think."
1833,0,Mental Health Risk,depression,SockPuppetOrSth,1579881390,2020-01-25 02:56:30,133,"i m heartbroken. i ve struggled with depression my whole life but the past few years i ve made such incredible progress in beating it.... now i find that i ve been losing my hair, and years of hard work have been undone all at once. it s 4pm and i still haven t left my bedroom, still haven t eaten anything today or had a sip of water. the thought of leaving my bedroom makes me want to cry. i don t want anyone to look at me, i don t want to go out in public, i don t want to encounter anyone and have to put on a brave face and a fake persona. i want to be invisible today because my hair is falling out and i feel ugly."
651,0,Mental Health Risk,mentalhealth,JulieSilverFang,1650769257,2022-04-24 13:00:57,96,"i feel like today was too much. i left the house at 5 in the morning and i m still not home yet and it s 11 at night. i haven t actually had any time to myself today and i feel like i want to die. i just want someone that supports me, and doesn t complain about me or get on me about not wanting to put myself out there more because i m depressed and exhausted. i don t need the solutions to my problems yet, for now i just need a hug"
1233,0,Mental Health Risk,mentalhealth,ShinNessTen,1558736556,2019-05-25 08:22:36,268,"i have a friend of mine who is a rather unique case. he's a nice individual, but sometimes he acts strange and spams messages with no real meaning on discord. mostly he spams the name of one character that he really likes. he owns a server that he has created and has invited a lot of strangers from around the web. thankfully, it is a rather uniquely themed server, so not a whole lot are there but i am still a bit worried about how to tackle this. sometimes, in these outbursts of his, he would give ownership to someone he ""trusts"". unfortunately he is rather naive and thinks the world is all sunshine and rainbows. it's hard to convince him that someone may have some ulterior motives to their actions. thankfully, he hasn't given it to someone strange yet but i'm thinking it is going to be an inevitability in the future. amp; x200b; as of yet, i cannot really determine whether he has a condition, or if he simply plays this up, due to his... unique personality (he is surprisingly smart and cunning. sometimes he even catches us off-guard with his trivial knowledge). but i'm about 95 sure he isn't joking and that he may have some disorder. i have looked up on what his potential condition could be and found that logorrhea ( sounds like the most probable disorder. i cannot check this, as he lives in america and i live in germany. amp; x200b; i hope some of you know what this may be. i would like to know how to handle his situation."
1502,0,Mental Health Risk,anxiety,GingerDoggo,1629394169,2021-08-20 03:29:29,157,i decided to leave my job when i was offered a new job with eight more extra hours. ever since i ve handed in my notice i ve cried everyday thinking about it! today was my first at day off the job and it wasn t too bad but whenever o think about leaving my current job ( i have a weeks notice to work out) all i can do is panic and cry about it. i m really comfortable with my job i have right now and would have stayed if i didn t need a few more extra hours. anytime my family or fianc asks me how my new job went all i can do is cry! i m temped to ask my manger for my job back but i m scared to death she ll say that the position is filled. i just don t what to do other than sit here and cry
1931,0,Mental Health Risk,lonely,2away1throw2,1600125355,2020-09-15 09:15:55,24,i feel ike i have an invisible tag over my head that tells everyone i am a loner so they know to stay away.
3860,1,High Risk (Suicidal),suicidewatch,pkok420,1547971907,2019-01-20 19:11:47,75,i think about dying almost every day but not that i wish i could kill my self but that i just want to die. i m not tough enough to actually go through but i m constantly wishing for something to end it for me. am i suicidal or crazy or what. are things like this normal. half the time i m fine then i just get hit with these feelings. what do i do
2353,1,High Risk (Suicidal),suicidewatch,BrilliantOk6704,1624803405,2021-06-28 00:16:45,132,"i'm a (m 24) robotics graduate student at a hypercompetitive university. i've been experiencing thoughts of suicide that are intermittent and correlate strongly with porn binging sessions. lately, as a consequence of desensitization, i've been looking at humiliating porn (cuckolding, hotpast, etc.) and it has made me incredibly depressed. i'm finding it hard to cope with my university research work. i'm ruining my relationship with this wonderful girl (22) by being overly sensitive, irate, and frustrated as a result. watching porn has distorted my sense of reality and i find myself with thoughts of severe inadequacy. it being a sensitive topic makes me not want to talk to friends or family or even my girlfriend. i don't know what to do! i feel so overwhelmed! i don't feel safe. please help me."
3333,1,High Risk (Suicidal),suicidewatch,hexagonalwings,1644745164,2022-02-13 20:39:24,229,"i m tired all the fucking time. i go to work come home and sleep until the next day and back to work . and i was like that before i even started working, just sleeping the whole day away. i really don t know how people can do this shit for 40 years. it s the same bullshit everyday. i ve been depressed and suicidal since i was 16 and it literally has not gotten better since then now that i m 23. i don t care about anything anymore. life really isn t worth living. at all. i think everyone should off themselves tbh but that s just me. i m offing myself tonight gonna od with some pills i ve been saving up and slicey dicey my wrists and neck i know it s gonna hurt a lot but a few hours of physical pain is nothing compared to 50 more years of having to live with this brain and mental anguish. i love to sleep so much , that s all i love and care about, and in a few hours i ll get to sleep forever. i m actually so excited to die. to the people that love me and somehow find this, i m sorry i pushed you away but you should be happy that i m not in pain anymore. goodnight everyone."
2905,1,High Risk (Suicidal),suicidewatch,Usual-Ad-1602,1638336516,2021-12-01 16:28:36,116,i ve actually never told anyone this but i m wondering if anyone s heard of this or has it. but i do this thing where i say i m going to kill myself and it almost happens automatically and it s hard not to say it. it used to be something i would only say in my head over and over but lately am saying it out loud a lot. it s probably been six months now that i haven t gone a day without saying it. it s also something i say at night as i m falling asleep. i think it makes me comforted or something and helps me sleep. what is happening??
3289,1,High Risk (Suicidal),suicidewatch,asdasd32123123,1608433019,2020-12-20 13:56:59,152,"24m, no job never had one, basically never leaving the house, my brother and my father constant yelling at each other drives me crazy, drinking coffee and changing sleep schedule just so i can have some alone time when everyone else is sleeping. my parents marriage is in ruins but they not gonna divorce because financial problems. my mother is with another guy without him knowing about my father. i would trade them for a better life, wouldn't care if they died to be honest. i just don't care. even writing this shit down correctly. only thing that gives me some happiness is gaming and watching movies, but a lot of times i don't want to do those either. i'm only writing this down because im curious if someone is in the same position as me. i'm too much of a coward to kill myself so its just gonna continue like this."
3273,1,High Risk (Suicidal),suicidewatch,jtilltheill,1615720289,2021-03-14 22:11:29,238,"i m 20 years old, i m a dude. i work as a pizza delivery driver and basketball referee. i know i am considered quite like-able, funny as hell and charming. however, i am depressed and have no ambitions except to be a d1 referee. i use drugs a lot to cope with just everything. weed, alcohol, cocaine, molly and xanax are the drugs i use on a regular basis, with cocaine, weed and alcohol being my doc s with coke being 1. i know i m killing myself and wasting time and money on drugs but it s how i get my mind off everything. i m also just sad in general that women keep rejecting me ghosting me. it s hard to have confidence in my looks and what not when i keep getting my emotions played with. i know that i m a decent looking dude and i m a like-able guy but i still lack confidence in myself overall. anyways, i gotta referee in about an hour or so. was rolling, coked up, drunk and smoked weed essentially all day yesterday so i gotta man up and do these 8 games and make some cash (same story every weekend). i just wanna end it all and end all the disappointment i cause my family and myself. i feel like an embarrassment and hopeless to myself and family. ugh. sorry for ranting. thanks for reading."
2938,1,High Risk (Suicidal),suicidewatch,Throwaway_Alt_of_Eve,1591507608,2020-06-07 15:26:48,229,"so for this you will need some info about me; i'm an 18 year old trans girl, i am on the left, and i'm currently living with parents and looking for a college. ok so let me begin. i'm scared as hell to be living right now. every moment that i'm not distracted entirely, my thoughts turn to recent events and how i will most likely die due to them. all of these riots are scary, but the way the police are acting is worse. then i look at politics and find out the white supremacists and the right are taking over which is even worse. political differences aside, people on the right believe i don't deserve to even live. looking at how fast its gaining traction, i'm scared that we will soon live in a fascist government or a dystopia where i am not allowed to exist or even worse, i'm free to be killed. i know it sounds crazy, but i can't stop thinking about how downhill everything is going. i want to go to canada and my only opportunity currently is college (about to start my last semester of it before i transfer to a four year), but i don't know if i can make it. the urge to kill myself is growing by the second and i can't take it anymore i want to cry."
3731,1,High Risk (Suicidal),suicidewatch,eggosarefunny,1643374884,2022-01-29 00:01:24,273,"hey guys.. a random 28 year old person here trying to grasp the why and how's of the existence of everything. but that's not what i want to talk about. i've struggled with mental illness since the day i could probably think. i've been diagnosed with borderline, adhd and what not since i got in therapy at 21. yet.. i was still sabotaging myself by not showing up for my appointments. i've honestly sabotaged myself my entire life and i still don't understand how i keep doing this to myself. i've also had the suicide thoughts yet i never considered myself to be suicidal. and this is what i need advice about because nobody around me, including professionals seem to grasp how badly i am struggling with this right now. as you guys can read i survived after a suicide attempt. this was two weeks ago. and since that day i really feel like i lost myself. and i don't mean the 'i'm still suicidal way', but more like i seem to have lost sense of myself, my surroundings. as if i am not here. i lost the sense of time. i feel oddly weird. i have gotten more quiet. more distant. and this makes me scared because everything before the attempt i could handle in my life, my darkest moods, all of it. i've never felt this mentally unstable and i don't know what to do. i can't even correctly pronounce my sentences anymore without saying something wrong or forgetting a word.. like.. has anyone else experienced this? will this pass? or did i make the road to recovery even longer now?"
2065,1,High Risk (Suicidal),suicidewatch,hannnahsucks,1634538063,2021-10-18 17:21:03,35,i wish people would just let go because the only reason im here is for other people why would people who care about me want me too suffer alive just so they can be happy
3323,1,High Risk (Suicidal),suicidewatch,uwu-hehe,1592470169,2020-06-18 18:49:29,366,i don t know where else to rant but here it is. i absolutely hate it here. i failed one ap class and probably my other one. i failed my french lang class. i was gonna be a junior but what s the point. im not good at anything. nothing particularly interests me besides fucking anime. it s not like i m gonna graduate. my mom also wants me to get a job and i m super anxious about the interview but she doenst understand why i m anxious. i also relapsed today it sucks. and for the past two days i ve been doing nothing but work. i have had to do three months of classes in two days. i ve been struggling with adhd and depression but over the course of these three months it s been especially hard with quarantine. i just haven t had any motivation to do anything. my room is especially messy. i hate it. i hate how i look. i hate how my room looks. i hate how helpless i am. i hate how i didn t do anything for school. junior years supposed to be way harder and how am i supposed to do it when i failed both of my ap classes this year. it s so shitty. i wouldn t have failed if it wasn t online schooling im sure of it. i can t see myself living past 17. fuck am i supposed to do? go to college and live life in debt? get a job? hat the point if i can t even pass a class. i hate it here so much. it s so gross. im an idiot. i don t want to be alive anymore. my friends haven t talked to me in ages. my siblings started ignoring me a couple weeks ago and now i barely leave my room. i don t even do anything to feel this way. sob. i absolutely hate it here. there s a ton of people who have it so much worse than i am who am i to feel this way? i don t want to feel this way anymore but what s the point.
2056,1,High Risk (Suicidal),suicidewatch,neofruit,1591463729,2020-06-07 03:15:29,44,"isn't ironic how my dog is the only reason why i'm not killing myself, i know no one is going to look after him when i die and he definitely doesn't deserve this. i wish i didnt have him so i could die already"
3292,1,High Risk (Suicidal),suicidewatch,lmaowtfpls,1615543291,2021-03-12 21:01:31,791,"i've been lurking for a while lol and idk i just wanna get some stuff off my chest. idc if this post gets any attention so scroll if you want aha. i think i've finally figured out that i don't want to die i just don't want to have to exist through the pain i'm going through right now. i know i won't do it for fear of leaving my family and friends behind and for fear of what comes after death. i just need an escape from my own mind. so here goes. i lost a loved one i was extremely close to, to cancer last year and it was awful to watch how quickly his condition deteriorated and it hurt when we lost him. because of covid i didn't even get to say goodbye. and it hurt. a lot. my parents are splitting up and i'm so used to them being together it's weird for me but i see all the reasons why they have to do it. i'm pretty upset about it and i'm kind of expected to be alright with it though?? my mum's doing her best to support me emotionally but my dad barely talks to me, he's never really done so as he's kind of emotionally unavailable. he doesn't mean to be but it makes me honestly feel worthless like why would you put a human being on this planet and not bother to care for them in the way they need to be cared for?? like no matter how angry i am at him though i can't show it because i'm a mf people pleaser and it just builds up because honestly having a parent seem like the don't give a flying fuck sucks. i've had the courage to discuss this with him before but he doesn't know how it recieved it, being emotionally unavailable and all. i know it might sound like a tiny problem but living in a house with someone who doesn't seem to give a shit about anything but their work is mentally and emotionally draining. he's always in his room working on his computer and comes down in the evenings but i get mad just being in the same room as him. in all my 15, almost 16 years of having to be alive i honestly only realised a year ago that some, if not most, of my mental health issues had been caused by an emotionally unavailable parent and then having the realisation that you looked up to them when you were younger and basically wanted to be them then having that ""perfect"" image torn down to reveal the reality of the situation is soul destroying. it's not like he directly hurts me but it's the silence that hurts the most. due to covid my mum and i haven't been able to move out yet but we finally have a moving date which is this month and it's some kind of relief and it's been awkward having to live with the 2 of them and them being separated for like 6 months. i'm going to get help. i need to. i've cut myself to get rid of the numbness i feel and i know it's an unhealthy coping mechanism like a lot of people say but i felt like it's the only way i could deal with stuff. also i'm not condoning this in any way, shape or form. school honestly is awful i'm so fed up. i used to have amazing grades and now they've dropped a lot. it's not like they're awful but the pressure of needing a certain grade to do anything in life is so scary. i know everyone goes through it but the worse i feel the less inclined i am to do anything for school and the worse they get and i'm terrified. thankfully i have 3 months left of being at this one then i move to a different one for sixth form. i'm just nervous about it. i just don't know what to do to be happy anymore?? i used to be so energetic and happy and now i'm just...there. no motivation for anything. i'm hoping it will get better when i move house and that's in 17 days so i think i may be able to cope till then. can't promise i won't end up having a go at my dad though because honestly i feel like i deserve to let that emotion out even though it sounds kinda toxic. guess we'll see how it all turns out. so yeah that's my vent and it feels good to get rid of some of the emotional weight. uhm if you got this far down, stay safe and take care lt;3"
3118,1,High Risk (Suicidal),suicidewatch,Charlie0423,1597109850,2020-08-11 11:37:30,132,hey! i lost both my parents in january and then got depressed. i started using a bunch of painkillers and tranquilizers and then one day i forgot my name. i spent 2 weeks in the hospital substance abuse program and then a few months later i had to spend 3 weeks there again for a relapse. i just want to escape this world once and for all. i don t understand why i have to be here when i don t want to be. i am in a relapse program now but i m so depressed i can t stand it. i m listening to rem s everybody hurts right now and it s not helping me. i just want to say goodbye once and for all. i m tired of life.
2584,1,High Risk (Suicidal),suicidewatch,StiIIBumed,1622402019,2021-05-31 05:13:39,25,i m going to kill myself tonight. i just want to hear about what made some of you guys feel happy before i m gone.
2374,1,High Risk (Suicidal),suicidewatch,Picklerickinnie,1631832632,2021-09-17 08:50:32,46,"then i saw that placebo posted a new song after 4 years just today, and they re like my favorite band and comfort band, so i guess it s a sign. i still want to die but i m happy right now. terror management theory works"
2275,1,High Risk (Suicidal),suicidewatch,throwawayran2034,1620426020,2021-05-08 08:20:20,56,"i have about 4 months worth of prozac and 1 bottle of rum and 1 of vodka. i am 20f and about 110 lbs, 5'3. i am scared that this will not work and it will just make life worse for me. i am wondering if this is more likely to just cause pain than death."
2746,1,High Risk (Suicidal),suicidewatch,Shumaya,1553220917,2019-03-22 13:15:17,513,"i was born with hiv. my parents delayed telling me so i found out when i was 15 and started on medication when i was 18. around this time i started experiencing what i now know are symptoms of hiv related brain damage but for the longest time i thought it was 'just' brain fog related to depression and it'd go away soon. it turns out the feelings of extreme apathy, short term memory loss and general difficulty functioning like a normal person are all symptoms of hiv associated neurocognitive disorder. i'm now 22, and have dropped out of several universities and have finally accepted that despite my earlier academic achievement. (before the problems with my brain i received an offer for an amazing course at my dream university- one that consistently appears in lists of the top 10 universities in the world). i'm now in debt with no degree to show for it. i've always struggled with side effects from the medication and i would always push through because i had a bright future and a lot to live and be healthy for. i don't have that motivation anymore and have stopped taking the medication. my health is pretty good at the moment and although other thann the brain damage i am symptomless, i now technically am classed as having aids. i'm still living in my student accommodation right now but in a few months i will need to move back home. my older brother is a violent and angry person. he has fucked his brain up with drugs and is nasty, delusional and paranoid. he threatens to kill anyone who makes him angry. this includes me, my parents, cousins, even our grandmother. the last time i spent an extended period of time at home i ended up reporting him to the police because of fear for my parents' safety. there is no way i can live back at home. i have nowhere else to go though. i've had one job in my life and if i were able to get a stable job as a waitress or in retail or whatever i stilk couldn't afford to live alone. long term, i also need to get back on hiv medication. but i don't see why i should deal with the shitty side effects, wake up every day with a sinking feeling in my chest just to work a dead end job and live with an abusive violent drug addict. i can't keep going. i've chosen where i will die and i will do it on monday but the only thing making me pause is because my parents would be upset and although i'm not afraid of killing myself i'm afraid of the thought of just ceasing to exist. i keep telling myself that dying and ceasing to exist is inevitable anyway, i may as well do it now rather than after suffering through life for a few more decades. this turned out to be longer than i expected and i don't expect anyone to reply but it's been helpful writing it down."
2128,1,High Risk (Suicidal),suicidewatch,AdmirableSquash4463,1656802275,2022-07-03 08:51:15,79,"my body is the only reason i am here. my brain is not my body. my heart is my body. i have done so much wrong. faith is not my answer. i want it all back. i want to fall asleep, indefinitely i want to the easy way out. i wish i was weaker. so i could just end it all right now i am so far from a good person. god knows my place. i deserve to rot"
3646,1,High Risk (Suicidal),suicidewatch,Aspiring_Asshole,1620443960,2021-05-08 13:19:20,170,"despite enduring the relatively light childhood trauma of a terrible divorce, many early family deaths, a fair amount of head injuries, and a couple of suicide attempts along the way, life is going great. i have a good job in which i m doing really well, am about to add dr. to my name, and have traveled to more places in my youth than most people have in their lifetime. it is all empty. i do it all to own the expression live fast, die young . i genuinely do not enjoy living, but my past failed attempts suggest that i may have some reason to stick around, so i might as well do some cool shit along the way. i now see life as a buffet- you get in, try as many things as you can as quickly as possible, and when you get full, you leave. i still have several years until i consider myself full, but, just like the setting sun, that day is on the horizon."
3852,1,High Risk (Suicidal),suicidewatch,W0L7LESS,1607639452,2020-12-11 09:30:52,56,i think about it a lot while im walking on the street i say to myself just jump in-front of one of the cars it will take 2 seconds and i hav never told anyone im suicidal because they will put me in a hospital and even the hospital cant give me ine reason not to
2674,1,High Risk (Suicidal),suicidewatch,FewAssistant4327,1650360475,2022-04-19 19:27:55,35,"i keep trying to hang myself with my belt in the door but ever time i'm about to pass out i save myself, how do people make the leap and ignor their instinct to survive."
3664,1,High Risk (Suicidal),suicidewatch,DrFattima,1551115135,2019-02-26 04:18:55,457,"the same time i want to be successful, the same time i want swift death. i failed at every little goal i've ever came up with. i'm still in poverty, i still have no friends, still fat, still my own worst enemy. i'm the type to yearn for successes. its literally on my mind 24 7. but deep in my thoughts, i know the chances are slim to none. i had a terrible upbringing, my parents had me out of wedlock, and you guessed it, split up. im about to be 4 years behind in highschool and i turn 18 this year and ill have nothing. i have the same clothes that i did when i was in elementary school. it took me years to realise all of this because when i was living in the projects, i had both of my parents. late 7th grade my dad decided to move in with another woman and leace my mom, younger brother and i alone. then i got into 8th grade and became a delinquent, skipping school, cursing out teachers, getting into fights and a lot more. people noticed i wore the same clothes and picked on me everyday, i couldn't take it. i missed the whole second semester. after summer break i was meant to go to high school, but i had no clothes that i didnt have since 5th and 6th grade, and my hair grew wild. my so called father wasn't even there to pick me up... a few months later he calls my mom, twlling her he's moving out of his fling's house and living on his own. he promised that me and my baby brother. so he picks us up, and takes us to the same house and shows up with his fling! i immediatly storm out the house, and he follows me. we get about a half mile away and he asks me, ""where are you going?"". i respond ""fuck you, you lied! keep my mother's name out of your mouth!"" he punches me, and i go crazy, tackling him to the ground, stomping his head until it swelled up. after that he walks back talking shit, and i just keep walking aimlessly hoping to find a phone to call for a ride. fast forward to 2019 and shit has gotten even worse. im living with my grandmother, who has lost her mind and is worse than my parents. shes even talking shit while i write this! it's february 25th and i know where her gun is hidden, this is the most ive been ready to die. i plan on shooting my self in the head on the bridge tonight. ill update with a new post if i follow through with it."
3981,1,High Risk (Suicidal),suicidewatch,GorillaJr,1599866168,2020-09-12 09:16:08,27,"trichotillomania, maladaptive daydreaming (these to are enough to fucking kill myself), an unsympathetic and ignorant family, ugly face and body, major depression and some more other shits"
3083,1,High Risk (Suicidal),suicidewatch,MollyT0t,1589146895,2020-05-11 07:41:35,292,"hey. i just need to get this all off my chest, since i don t have anybody i can talk to anymore. i ve struggled for a long time with depression and bad mental health in general, and i ve recently begun losing friends slowly but surely. the last straw was being essentially ghosted by someone i grew to care a lot about. i just don t know what to do anymore, i have nobody left and all i do is cry and take sleeping pills. i cry for hours before knocking myself out with 4-6 pills, then i wake up miserable with no notifications and nobody to talk to. i can t stand this loneliness anymore, i ve spent time in the hospital before because of this but i ve never felt this empty and alone. sorry if this doesn t make sense, i m desperate and alone and i think i might just be going crazy. every minute feels like hours, not a day goes by where i m not completely fucking miserable. my family is broken, my mother verbally and emotionally abuses me daily, and the ones i love have all abandoned me. i really don t know what to do anymore, even waking up is a chore. it s been days since i had the energy to shower. even my dad has given up on me, and i don t blame him.. i m a lost cause. every time i show that i want or need help, it s ignored, and i just really can t stand going through all of this shit alone. i m at my lowest point, and i just don t know where to go from here. sorry, just needed somewhere to spill. peace"
3922,1,High Risk (Suicidal),suicidewatch,inss815,1553180592,2019-03-22 02:03:12,47,is there anyone here who is just bored with their life? and can't find a way out? i don't think things will get better and i feel like there are to many people who are expecting so much from me and i fall wayy short. i'm useless
2099,1,High Risk (Suicidal),suicidewatch,throwaaay7898,1626733682,2021-07-20 08:28:02,216,"context. 22f. recently got out of a long-term, long-distance relationship. got horny one night and went on one of those bdsm chatting websites. started speaking to this guy. had a great conversation. decided to share a throwaway insta account. started communicating about personal life. found out we live a couple of miles apart. met up for a date. did nothing physical. i told him that i don't want a relationship. decided to be friends. he knows almost everything about my life. i clearly told him that i don't want to be in a relationship. but he still kept pushing to the point of emotional manipulation. eventually broke it off 2 weeks off, officially (no fighting, just firmly). now, i feel bad and guilty about meeting someone on bdsm site and disgusted with myself. i don't know why i was ever okay with meeting someone on bdsm site. idk, i hate myself and i feel disgusted that i don't want to live anymore. how am i ever look at any one in the eye ever? how am i ever going to be in another relationship and not admit that i did something so stupid? how did i convince myself that it was a good idea? why was i so dumb to meet him? why should i live?"
3179,1,High Risk (Suicidal),suicidewatch,OhYeahBoyi,1597016855,2020-08-10 09:47:35,27,", i am ugly, i've never had a gf, never kissed a girl, i hate myself and i just wanna kill myself but mom would be sad"
2964,1,High Risk (Suicidal),suicidewatch,juhyuns,1581435791,2020-02-12 02:43:11,50,"i was diagnosed with bipolar ii disorder about 10 years ago. i went to therapy, stopped going, not currently medicating. haven't seriously considered killing myself again until tonight. i've been having a rough time at work and feeling very overwhelmed. someone from my country's sub pointed me in this direction."
2792,1,High Risk (Suicidal),suicidewatch,K1w11Head,1607630611,2020-12-11 07:03:31,394,"hey, lemme know if i need to flair tag this with something it sucks, but i relapsed again. its never been bad before but this time its really worse. i never felt safe in my own home because of my dad and his girlfriend. his girlfriend is literally ruining my family. my siblings are at their limits. i don't know what to do anymore. my family is breaking apart. i don't do anything or say anything to my dad because we all want him to happy. i know he doesn't want to be alone after my mom passed away. we all don't want my dad to feel like that. but jesus, this woman he picked is literally toxic as hell. i asked for one holiday (thanksgiving) with just my family, no boyfriends girlfriends around and she gets all mad and petty at me. their anniversary is this christmas and my sister tells me that she said that there's no exceptions, they're spending their time together alone. my dad has changed, i barely recognize him anymore. he always tends to his girlfriend's needs. i understand that my siblings and i are grown, but damn man,, i just want my dad around. he's the only parent i have left in this world. i don't want to lose him too. everything she's doing and the atmosphere in the house is killing me. i tried to be better and take care of my health and mental health but today just was the last straw. yeah i thought about ending myself, but i'm just to chicken to do it. my sister tells me to hang on and that in 2 months it'll be better but i really don't know if i can hang on for that long. its awful. my family never used to be like this, and i know its all because of her. she used to be married and that didn't end well. her ex husband and his nephew (my brother's friend) know she's a bad person. i don't wanna type anymore about her, she's giving me more anxiety tbh lol. anyways, i'm trying to stay strong but its hard. thoughts of ending myself are coming back, my anxiety attacks are back and more worse. i feel weak and so sick. i don't have energy to do things anymore. i do wish things were better. hopefully soon."
2029,1,High Risk (Suicidal),suicidewatch,likeablelos,1585197039,2020-03-26 15:30:39,467,"i used to be happy at one point. now i don t know if i ever will be again. the only people that somewhat know how i feel are my girlfriend and my mom but i can t bring myself to tell them just how bad it really is. im embarrased. i feel like if i dont get help, i might actually end my life. i dont want to be a burden on anyone anymore. im 19 and in my second year of college yet i still dont have a license. i spend the majority of my time locked in my room and hardly interact with anyone. i think it started my sophomore year of high school. i can t pinpoint a certain event because there are too many things i regret. im a scumbag and i dont like it. i pushed so many people away because i hated myself and thought my friends did too. i treated good people terribly. i ended up a sad lonely sack of shit with one friend but even we are drifting apart. all i really have left now is my girlfriend and my family but i dont even know if i can maintain those relationships for much longer in the state that im in. i used to be a gifted child. would ace all my tests. took only ap and honors classes in high school. i used to have passions. now i dont know who i am. i ve lost my personality. i feel like a drone every single day of my life. i feel so numb i cant even express true emotions anymore. i try to fake a smile and positive attidude but only to to make school easier on my girlfriend. i also dont want people to worry about me. i tried to better myself. i dedicated myself to making other people happy or at least just a little less stressed. i just started working out and eating healthy. i started spending more time with my family. im trying to convince myself its working but its not. i honestly would consider myself a good person now, but its too late for me to make amends with my past. i feel worthless. i can t see anything ever making me happy. i cant handle it anymore. today i woke up and had the strongest urge to kill myself. i dont know what caused it. it was just the worst possible feeling that started in my chest and took over my whole body. my will to live is deteriorating and i dont know how much longer i have. i dont want to feel this way anymore. i m scared and i dont want to hurt the people who care about me. can someone please tell me how to fix myself?"
2628,1,High Risk (Suicidal),suicidewatch,austingarrett,1587605362,2020-04-23 11:29:22,194,"i live in austin by myself, i guess it used to be a good place, but now people are just assholes. amp; x200b; i use a lot of i statements because i dont fucking have anyone else to talk about in my life, and get criticized for this, when i have no friends at all. makes me just really want to end it. amp; x200b; i fucking hate people. things were cool in a place like austin when i was like 10, now that i am 24 it and every other formerly decent place has become an overpriced materialistic real estate for the rich douchebags shithole.convinced theres like nothing good in the world anymore. im with my parents in dallas and that is also adding to the frustration. im sick of being in this cage of obese body fat, listening to the same podcasts over and over again, am so overweight i can hardly breathe. just fucking angry and wanting to end this shit. amp; x200b; im by myself every day. it is fucking terrible. all i see are the remains of what used to be a good place, where now people are dicks."
2944,1,High Risk (Suicidal),suicidewatch,TA23669,1561062906,2019-06-21 06:35:06,200,"my life is pretty rad. i'm in school and work part time. my parents offered to pay for my school, but student loans gives me grants that i don't need so i told them that i was going to use the grants to pay back the loan when i'm done school and they could cover the difference if they wanted. the truth is i'm pretty sure i'm gonna kill myself before i finish my degree and i didn't want them to waste their money. i've had suicidal ideation and other mental illness since i was six, been institutionalized a few times, 3 attempts, it's literally the only thing other than my first stint in uni that i've ever failed at. i'm in a pretty manic episode right now, i haven't slept for for than 6 hours (but mostly 4) a night for a week, haven't showered in 3 days. i can't focus on school and i have so much to do. i'm doing if because i was sick of being fat, but i can feel my body eating myself and i smell like rotting meat from it. i just want to go buy a gun and find a nice forest."
2572,1,High Risk (Suicidal),suicidewatch,thunderblade55,1577314670,2019-12-26 09:57:50,101,i m always going to be a pathetic piece of garbage that can t do anything and that doesn t want to do anything in this fucking life so why even live anymore? i m all alone like i have my entire life and there s nothing that will improve because i was meant to die all alone and in agony. i can t connect to anyone and i have no motivation for anything. please just end this fucking nightmare already. my mind tortures me every fucking day and i can no longer keep on going with nothing in my life.
2907,1,High Risk (Suicidal),suicidewatch,bubblekittea,1602778018,2020-10-16 03:06:58,76,"i'm tired of having no choice in how freaked out an unhappy i feel, i haven't eaten all day, i can't eat, i've been raped too much in my life and those words and emotions just fly through my brain and scream at me, i find myself wishing i could get a terminal illness, i wish i could take it away from someone who is happy. i wish i could just get hit by a car."
3080,1,High Risk (Suicidal),suicidewatch,MickKutu,1624754225,2021-06-27 10:37:05,78,"everyday as i lay in my bed, i assess my life and realize that i really don't have anything worth living for, it would be better for me if i just ceased to exist, you know? i know it sounds ungrateful given my health and there are people who have it worse but i can't help it, i just hate it here but then i wake up tomorrow and do it all over again and again and again."
2450,1,High Risk (Suicidal),suicidewatch,trashaccount238,1574731540,2019-11-26 12:25:40,100,"trash account because i don't want some people to see this and know who i am. i'm too tired to keep going. i'm all used up. what's the fucking point??? trytrytrytrytry and nothing. all just shit and pain. i have pain medication. a lot of it. im thinking about taking a big dose, and seeing just how much i can bleed. i haven't cut in a long time but i feel it calling to me. welcoming me back with open bloodstained arms. if i'm lucky i'll cut too deep. it would be the best thing i've ever done for myself."
3609,1,High Risk (Suicidal),suicidewatch,SupriyaTM15,1603809737,2020-10-28 01:42:17,265,"those words coming from my moms mouth hurts so much. i always thought that my family was normal and how mom abused me and my little brother was normal. my parents always fought every 3-4 months. one huge fight was on valentines day. plates, utensils everything was shattered. today was another huge fight.this time my parents took it too far and finger were cut and there was blood on the finger. and i was begging them to stop because my grandpa has a weak heart and its was so loud that other neighbors were listening. i shouted ""please stop."" and she came and pinned me to the ground and kept saying that i am useless and disgusting words. and thats were i lost it i said that she was cheating with my father(which she was for 1 and half year). and i said she never loved me and she hated me. and she said that is all true and i was a mistake and pain in her life. my parents are divorcing now ig. and it just hurts becuz i always respected her as a mother. and i am still thankful for whatever she has done for me.i just wanted a normal parents. i feel ashamed that i was even born from her. more than me, my dad has suffered from her. don't even have my own room to cry my feelings to. can't wait to get out from here or just end it. (english is not my first language plz forgive me if my grammar is wrong and thank you for just reading. )"
3290,1,High Risk (Suicidal),suicidewatch,Ichirou_Jay,1594474473,2020-07-11 23:34:33,195,"hi, i m a medical student, currently in year 3 in a public university here in malaysia. i came here just to let go of this heavy feeling. i m diagnosed with mdd 8 months ago and currently almost complete my drug treatment. btw, i m not really suicidal. but, idk... this monday i have exam which decides will my fate. i failed 1 of my clinical rotation exam, twice, so this is my last chance. if i fail, idk what ll happen(i m bound with contract due to scholarship, my parents expectations, colleagues, etc. ugh i m overthinking things) but it s been super stressful these past few days and i m worried of relapse. i cannot really concentrate on studying right now. things are just so overwhelming and i m totally burnt out. i guess that s all i can say. if only there is a way to immediately just disappear, i ll do everything for it. but don t worry. i know suicide is not the answer. thank you for reading this. the only thing i ask is, please pray for me. i really appreciate it. thanks in advance, kind strangers. :)"
3078,1,High Risk (Suicidal),suicidewatch,Liana_rose_2019,1600423453,2020-09-18 20:04:13,101,"my life has been miserable ever since i never been a favorite daughter, i got bully in school my whole life, had previous relationship had been pshycologically and physically abuse for 7 years, im working evryday now and im single mum the only thing keeping me alive is my 2 kids but im so tired emotionally,physically, mentally i dont know how long i can take this i done nothing to be punish like this i have no one to talk to and nobody would want or care about me my own mind is suffocating me i just wanna end the pain"
2254,1,High Risk (Suicidal),suicidewatch,KynesThePlanetologst,1592534199,2020-06-19 12:36:39,38,"i m going to hang myself from a tree in a national park tomorrow. life s challenges physical and mental have become too much to bear, and it s only downhill from here. wish y all the best"
2124,1,High Risk (Suicidal),suicidewatch,abazinie,1606009983,2020-11-22 12:53:03,607,"there was once a boy who was never frowning. he always laughed. he was always the one who made jokes. but when he got home, he would lay in his bed and immediately begin crying. for a while he didn t know why, all he knew was that he had to. after a while, he realized it wasn t consistent. not the crying, but the reason. most days it would be the sheer pain he held inside him from others. but other days he was just tired of holding a fake smile all day. he could laugh and joke during the day, but he was broken and he knew it. he began seeing himself in a different way. he saw himself as a monster. he decided he wanted the monster to go away. he was still there in school, but it wasn't the same boy. nobody saw the signs. nobody read between the lines. the boy was in so much pain it followed him wherever he went. he no longer wanted to laugh or smile. he didn't even want to exist. one day another girl asked him, ""if you had one wish, what would it be? . his first thought was to die in his sleep that night. he began to cry while typing out the letters, ""i-d-k . very soon after this, he began to physically feel as though there was a hole in him. like he was so broken on the inside that he could feel it. of course, it was in his head. one day he accidentally dropped a glass and it shattered. his first thought was to grab one to save for later. so he grabbed it, and his mom told him to go back to his room so he doesn't step on glass as she picked it up for him. he glanced back at her and said, ""thank you and sorry . once he got back to his room, he stared at the shard of glass in fear of what he could do with it. no less than five minutes later, he began to cut his wrists so that the physical pain would overcome the mental pain. it felt good. but all of a sudden, the pain and guilt slipped back in. he realized that he cut himself his own skin. he saw the power that he had over his life. he decided to stop cutting. but the next day the pain was so bad, that he begged himself for the moment the physical pain set in. he began to cut again. one day, before school, the pain came... in a large wave. he knew if he spoke to anyone he would burst out crying. he thought of the embarrassment that would come with it. so, he remained silent. that s what he did. do you know what hurt even more than the initial pain. he got about three people who asked, ""are you okay? . with a single, yes, i'm fine. they walked away. all he wanted was for someone to stay. to care. to want to sit next to him. so, he began joining calls after school after he finished crying. they asked him how he was. that made him happy. just those few words kept him going. that boy to this day lives for the people around him. not for himself but for his mother, father and people around him. he wants to fade away terribly. i want to fade away terribly. i live for the people around me. i don t know how much more i can take. please pay attention to the details, and care about everyone."
3927,1,High Risk (Suicidal),suicidewatch,andy-moron,1548349498,2019-01-25 04:04:58,23,"i feel like plenty of people on this sub aren t genuine with their posts. well, here s a genuine one. bye guys."
2251,1,High Risk (Suicidal),suicidewatch,Imalreadydyingg,1641161446,2022-01-03 09:10:46,32,dear god why didn't i die that night.. i'm so tired of being here... i want to die.. this place is ungodly painful and i just hope my lungs give out soon.
2585,1,High Risk (Suicidal),suicidewatch,Michael6034,1556702638,2019-05-01 19:23:58,813,"i posted about a month ago with the title ""ready to die."" the subject was essentially accepting the reality of suicide and its inevitability for many. i don't know what my future holds or if things can turn around. i am a case though of someone who is perhaps a little too clever to get better. i see the lines and recognize the one i am on. and i understand the secret sacrifice that one makes in order to live. i am aware that life is painful. and i have made a deep commitment internally to be done with pain. i have no desire to do anything that is in any way painful, even if it is done in the service of good, especially if it is done in the service of good. granted, i still do in some ways as is necessary to continue living and to have some degree of well-being, but slowly but surely, i find myself drifting ever more towards the reality where i am no longer doing anything, paralyzed by the pain of existence, slowly dying. in this way, i am not long for this life. i recognize the irony - that by refusing to accept pain, one undergoes the severest of pains, the pain of a lonely, undignified death. however, there is something there, a sense of integrity for me by rejecting the pain of this life. like the slave who refuses to bow before his master. it is futile i know. it's not so much that i am refusing to bow as it is that i am refusing to get up. i'm like the man who's been whipped, falls to the ground, and dies under the fury of a thousand lashes that are meant to raise him to his feet, but only serve to push him deeper into the pavement. i am the weak link darwin's less fit. amp; x200b; all i am asking for and looking for at this point is love, acceptance, and a gentle hand to guide me down this path i am on - this path of death and dying. there are many interventions in place, many people, places, and powers pushing me hopelessly towards life and living. i appreciate the efforts because to me, they are a sign of love and care, except when they inevitably lead to more heartbreak, more disconnect, more failure, and more blame. i think maybe my family understands - my father especially, who talks about medication and pain reduction and just feeling better. not necessarily ""getting better"" or moving more in the direction of life, but feeling better about where i am and how things are going and coming to a peace about it all. that's what i really want. and i want people who understand and can guide me on that path. who've seen others go that way before and can be happy for them, in surrendering, in moving towards peace, rest, relief, an end to their suffering. amp; x200b; i am seeing a therapist. i am meeting with a 12 step person in a couple days around sex addiction, which is part of the reason life feels unbearable. yesterday, i received a confirmation regarding an intention to stop going to a place i call a spiritual resting place because certain people, particularly women but also the men, are disconcerted and uncomfortable with my presence. my life continues to get smaller. i spent three days last weekend in a videogame and pornography stew - i missed a work shift. i am severely depressed and underperforming at my part time job. i am on social security disability. and i am just hemorrhaging money at this point - at this rate, i will be broke in a few years. probably sooner if my depression continues at this clip - the more depressed i am, the more reactive i become and less competent and more prone to expensive accidents. like homelessness and trips to the hospital. i am surrendering to this reality - i never thought it would get this bad, but it has and it seems like i'm walking a long hallway towards a lonely, lonely death. my prayer is that i can still find love on this path, that people find it in their hearts to offer warmth and affection to a dying man whose death seems unnecessary, or of his own design. that the pain of this can be reduced and that i can still find love and affection out there given my reduced state of being. that's all and it's a tall order. but it's a hope - one i cling to. please pray for me if that is your practice and express your love - it is precious and not cheap. it is a wonderful gift if you are able to access it, if it is available to you. i'm grateful it is."
3568,1,High Risk (Suicidal),suicidewatch,kaytaters,1546937139,2019-01-08 19:45:39,272,"to start, i have a rare inoperable form of cancer, stage 4. i've been battling for going on 10 years. the last 2 years have been the worst. i almost died in the summer of 2017. i'm doing better physically i suppose. but the beginning of this year really hit me hard. i had run put of my pain meds at the end of december. then i ran out of my antidepressants. and i had a really hard time refilling them. long story short, i was hurting so incredibly bad both mentally and physically. i laid in bed and cried for hours. i was at a breaking point. i really and truly wanted to end my life. and to make matters worse, i had no one to talk to about it. my husband isn't much of a talker. he's more the strong silent type. but, there he was in a deepest darkest moment. he laid next to me and begged me to talk to him. he was able to pull out everything that i had been bottling up over time. he was able to convince me that killing myself wasn't the answer. we have been together going on 11 years. and this was the first time in a very long time that i saw the sweetest most tender man. i truly believe that my suicidal thoughts broke his heart. i suppose his love, compassion and affection is what saved my life last week. i've told nobody else about this. not my family, nor my best friends. the thoughts are still lingering, but will to do is gone. for that i am thankful."
2824,1,High Risk (Suicidal),suicidewatch,Chaos_Gangsta,1640850622,2021-12-30 18:50:22,116,"i dont want to kill myself, but i sure as fuck dont want to be alive. i didnt consent to be born, and really wish id never existed. just about every day i find myself wishing my parents had used a fucking condom. of course theyd never do that, because ""babies are gifts from god""... never considering that now i have to struggle and be miserable for fucking ever. fuck this shit. fuck it all. i dont need advice, im not going to do anything. i cant talk about this honestly with anyone in my life and needed to get it off my chest, just this once. thanks for giving me a space to say it."
2507,1,High Risk (Suicidal),suicidewatch,idwdtam999,1619793459,2021-05-01 00:37:39,87,i dont really know what to say i have alot of friends but when it comes to woman they all look at me like im some kind of disgusting fuck even tho i always stand up for them i know like 2 girls who has ever been remorsle nice to me and thats couse i was hospitalized for type 1 diabetes witch only makes it worse couse i dont want people to feel bad for me just to be nice (sry for bad spelling im not english)
2889,1,High Risk (Suicidal),suicidewatch,bobrossdrinksvoss,1548832452,2019-01-30 18:14:12,438,"basically to cut a long story short i suffer from bipolar and cptsd, my cptsd has been awful these last few months as have my depressive episodes. they re basically unbearable and i m not the kind of person to reach out for help either, (which i guess is why i m posting this on a semi-anonymous website?) none of my friends or family have any idea i feel so dreadful and hopeless at the moment either. months ago i knew i was being kicked out as i don t get on with my stepfather and mum wants to continue her life with him and wants me out of the house (our relationship has deteriorated massively to nothing, i feel as though she doesn t love me or care at the moment), however due to being very mentally ill i don t work, i m not reliable enough for any job due to mood swings and flashbacks etc. i don t have any place to go and the idea of living with other people makes me feel almost claustrophobic? very restricted and anxious i suppose. there s two weeks til i have to leave, i haven t got a place to rent as nowhere accepts people round here who aren t in full time employment, and i can only stay at friends for so long. this is panicking me so much and making me feel terrible about my life s direction and the fact i m a burden, no one really wants me etc; because if your own mother would rather see you homeless than have you live with her that s a bit of a kick on the teeth. basically i ve been planning to kill myself before the big move, i don t know how to do it, i m not sleeping at the moment because every time i m alone it s just constant stress and overpowering thoughts; due to that i m also over exerting myself spending absolutely no time alone and around friends constantly to serve as a distraction. i just don t know what to do, i m really self aware and psychs have always commented on that but it also unfortunately means no professional ever takes me seriously when i say things are getting bad and why etc. so i ve lost all hope in getting better, right now the best case scenario for me is getting sectioned, at least then i ll have somewhere to live, support and everything else my brain is so desperately aching for? if not i don t know what i d do. sorry, rant over"
2070,1,High Risk (Suicidal),suicidewatch,imasosad,1594314561,2020-07-10 03:09:21,222,"so much loneliness and pain every day. trying my best to be outgoing, to meet people, opening up and giving everything i have. just to be dumped in the end and then be told that i wallow too much in self-pity. which is probably true, but it hurts so much. oh, and apparently i'm wrong for straight up pointing out that i was getting ghosted. i felt like i had a good friendship going. maybe even on the way to a relationship. i never get to the relationship part, ever. 31 years, most of it spent alone and in pain. sure, sometimes i can find a stranger on the internet to vent for a bit. it won't replace the feeling of a hug. sometimes i roam the streets, searching for someone to smile at me. anyone. sometimes i can keep a stranger on the internet interested in me for a while. it never lasts. they all leave, i probably drive them away. shouldn't have said anything about my attempts to meet new people and make new friends, and how they all failed over the years. it's going nowhere. it never has, never will. no matter how much i try, i'm too broken. there is no other way out. last time i failed, next time i won't. just need to gather the courage."
3608,1,High Risk (Suicidal),suicidewatch,AmandaRayne,1548807329,2019-01-30 11:15:29,89,"my heart physically hurts. i feel heavy and tired and i just don t think i can go on any longer. what makes it worse is that before this i had one of my longest periods of happiness ever. it wasn t even really super happy. just normal, and that was more than i could ask for. i thought id be okay. but it always comes back. i don t think i can live like this. it s taking over my life and nothing i do seems to help."
3532,1,High Risk (Suicidal),suicidewatch,thrownaway081601,1625976489,2021-07-11 14:08:09,126,"gonna keep this short since i'm writing it on break. i recently got a new job last week and on my second day my girlfriend who i absolutely loved more than anything broke up with me. today i get called into my work office and get reemed for poor performance and that i should be working a lot quicker than my current pace despite being here a fucking week. i want to just go home and off myself. i'm 19 and already feel like i'm not gonna get anywhere. i was left shattered and now i'm suffering at work and i can't see an end to this. if anyone here can give me some sort of encouragement to keep trucking, i really need it. thanks reddit."
2247,1,High Risk (Suicidal),suicidewatch,somenamesomename,1559145657,2019-05-30 02:00:57,326,"i write this now because i am at the end of my rope. there is a pun in there some where. i have nothing to look forward to life at this point, i was forced to quite by my boss 8 months ago because i tried to kill myself on the clock, my savings have run out two months ago including my 401k, and i was made to move back into my parents and haven't been able to find a job, because i never finished college. even minimum wage jobs in my area want a degree. i've occasionally gotten a one to two day job for a company doing qa on 1099, but have survived so far on selling my stuff. no one wants me and i apparently am not skilled enough with my 7 years of managing(retail) and 8 years software qa. or the 5 years of charity organization. none of it matters to any one. at this point, i see no outcome that is good. i'm not in debt, but i have no income, and less than 20 left. even temp agencies wont return my phone calls and everyone ghost me. my ""freinds"" honestly wouldn't even realise that i'm missing for a few months and the only ones that i might make sad is my parents. but wouldn't they me more sad at their failure of a son, who cant seem to suport himself. or have meaningful relationships. that's not even going into the fact that i've never really had any meaningful relationships with a ""lover"". i once thought i did about 3 years ago, but that turned out to be me just not being able to read her well. or the fact that i a fucking coward. i try to be a good person, and i worked diligently. i just dont see a future that is better than death presently for me. might give it another week, but not sure past that, -"
3450,1,High Risk (Suicidal),suicidewatch,Throbbingprepuce,1581064424,2020-02-07 19:33:44,273,"idk what else to do. my parents are tired of me i have no friends cause i've pushed everyone away tonight i was at a bar alone and i got hammered like 6 shots and 6 beers in kind of hammered. to the point the bartender is cutting me off. i ran into one of my old friends from high school and i could tell they pitied me. 3 years ago i had everything going for me. i was a state champion wrestler on my way to a division 1 college and i fucked it all up by abandoning everyone. and tonight i'm 21 at a bar alone on a thursday night drunk out of my mind. basically my nightly routine at this point. i feel more alone than i've ever been. i've made my parents hate me my nephew the only person that keeps me going thinks i'm a loser i have done unforgivable acts in my life that haunt me every day because i know one day people will find out about it and my doctor says thinks i'm close to a heart attack if i don't change my diet because i've eaten nothing but fast food for the last 3 years. i think the world would be better off without me and nothing can make me think otherwise. i haven't showered in a week, i'm unemployed and i just don't care what happens to me anymore. i try to be a caring person but my past mistakes and present attitude push me back and i think this will continue until i die so might as well be sooner than later"
2212,1,High Risk (Suicidal),suicidewatch,LifeOfCiera,1636627641,2021-11-11 21:47:21,109,"i don t want to die, but the pain is unbearable anymore. i really can t do it anymore. i tried to hang on for my mom because i really don t think she will be okay if i m gone. i burden her everyday, so maybe this will be good for everyone. me being gone. i ve cried out for help so many times but they went unheard. i m really sorry to everyone that this will affect. please give my mom my letter i wrote for her so she understands it wasn t her fault. i don t want to die, but there s no other choice..."
2909,1,High Risk (Suicidal),suicidewatch,Rerrereddd,1604870507,2020-11-09 08:21:47,41,my life is pointless... i'm too lazy to do anything and i'll die alone anyways so why just not die today?! really why should i want to live for 70 more years if i'm gonna have the same miserable end anyways...
3741,1,High Risk (Suicidal),suicidewatch,Perfect_Candy1618,1635012760,2021-10-24 05:12:40,537,"i've never had friends, cant talk to anyone no matter how nice and friendly they seem, started getting suicidal thoughts, my only ""friend"" left me all by myself after she found someone she had a crush on, i got into drugs that made me broke, that made me do things i will regret forever, i cant even afford next months rent since im on unpaid vacation, the only time im happy is when high on drugs or thinking about beeing dead, in that order about four months ago i was living the life, had recently moved out from my parents house got a nice car, got alot of ""half"" friends, people you can small talk with, and in general a happy guy. now im a broke drug addict that has a shitbox of a car, hate myself, no friends at all and i just want to die. the reason i want to die is because of what me and my friend that left me did once that has left me with really bad anxiety, i cant sleep on a bed, im scared, paranoid and growing more suicidal every day due to a non lethal drug overdose that left me shaking, teeth shattering, sweating and in a vegetable state for about 5 hours, almost blacking out several times a minute,atleast i e been told because i barely remember and that event made me use other drugs even more.i did bad things to afford drugs, that left me with doubts of who i really am. that made me borrow money from shady people, im afraid i will get attacked at home due to said money so i have to live with my parents that i hate and last night i had a failed suicide attempt, with a new suicide planned tonight, if that dosent work i will find a dock and drive my car into the water, tie myself to the seat with a stupid amount of rope and knots so if someone tries to rescue me they will almost certainly fail. i tried killing my self using a plastic bag and a belt over my head, but my survival instinct ""saved"" me right after you get into the grayzone between dead and alive. can i call an ambulance and tell them i will kill myself with new attemps every night until i succeed? the only way to fix this is getting into mental hospital, as i cant take care of myself, i havent showered in a month, i hate everything and im scared of myself and my life, and i spend all day crying, and can barely speak due to what has happened please im lost with no one to talk to, what do i do? i want to die but is scared shitless of the though of being dead. i tried a shrink, i dont trust anyone beside that one friend that left me, and i dont want to get convicted for something drug related, as my job will be gone in a second if i test positive for any drugs. this is really my last resort. i want someone to talk to about everything but i cant because i dont have anyone.to talk to at all."
3244,1,High Risk (Suicidal),suicidewatch,Noobuberrider,1590422891,2020-05-26 02:08:11,531,"i'm just a random bipolor queer guy who never fit in growing up. middle and high school sucked and i had very few friends. i feel like that's instilled in me some insane complex of falling like i'm always being left out of stuff, even things i don't like (well, then i feel like i'm left out of the things i don't like). college started better, somehow i made a couple good friends. but soon after the beginning i started to feel shitty again and for all the same reasons. at this point i think it's just my brain and i don't know if i'll ever change. i've been in two relationships and my second one ended like 6 months ago yet of course i'm not over it. i really thought we were going to be together forever. and even though i still felt just as bad at times, that's what's given me hope. i was an idiot and moved away for a period of time to do an internship before coming back to school. of course, one day they tell me they've realized they are poly and, well, we broke up. that's not unlike what happened in my first relationship and that gave me such a negative association with things that i just couldn't do it. i really, really, wish i could. if my mind worked right, my life would still be salvageable. i got fine grades at a fine school and already have a job offer. my family, though not physically where i am, are incredibly supportive. i feel like my friends are less close than they were but that's surely my fault. i have not don't a good job at being a good friend, or relationship partner imagine (and who knows if the poly thing was just an excuse). point being, i could get through all that if i could fix myself now. but i'm too lazy and i've always been. i've fantasized about suicide for so many years. i don't know exactly when it started but i have a distinct memory of thinking i could do it by shocking myself on a standard american power outlet, so it had to be when i was young enough to think that would really work. but now that i'm living alone, it just seems so much more accessible. i wrote a will (still need to put it in handwriting for a legal reason) and drafted (for like the 5th time) a note. this time though i also ordered a shotgun which is now ready for me to pick up today. literally the only consideration i've got about this is how it will effect my family. part of me thinks this would be the ideal time to do it because i'm separated from people, but i think a counterargument could be made. it would be such a selfish thing to do though. but i've never been much short of a sociopath in life so far, so why is this any different? any advice on mitigating my family's suffering would be appreciated. would something like a drug overdose look better? or is that again just me being selfish and trying to lie?"
3696,1,High Risk (Suicidal),suicidewatch,halfblood_god,1592857052,2020-06-23 06:17:32,38,"i fucked up my life. i can t live with it. i am feeling like piece of shit and i want to die. i want to overdose. if i lost my life tonight, remember - you are loved."
3182,1,High Risk (Suicidal),suicidewatch,throwaway81374,1643389187,2022-01-29 03:59:47,179,i just lay there. like a useless sack of weird bones. i get up to pee. sometimes eat (i had to force myself so my dad would stop asking questions when i got down to 88)and smoke. that s all. i don t even know why i m writing this. i m outside now just so the cold will help me think clearer. what do i say? everything i have to say just sounds stupid and no one will listen. i m too scared to do it lol and that makes me even more disappointed. i don t have the energy to want anymore. i don t want to eat i don t want to sleep i don t want to do anything i don t want anything. how do i ask for help if i don t know what i m asking for or who to even ask? i can t even cry anymore i just kinda dry heave ? am i even sad or am i just being dramatic? idk what the first step to take is.
2361,1,High Risk (Suicidal),suicidewatch,knitbabe,1643573616,2022-01-31 07:13:36,366,"i was raped in nov 2020, where i had classic symptoms. it was violent and i wasn't allowed to leave for eight hours. it did a lot of damage. i'm mentally in that room every day. i went to the hospital twice and was given a bipolar disorder diagnosis. after a year, i was admitted this month because it got so bad. i'm scraping by in school, i work maybe 15 hours a week if i'm lucky but i usually call out, i can't do anything all day. i can't sleep and i don't want to eat. i got a severe ptsd diagnosis and was told to get into outpatient care. called insurance five times, called every single provider in the area many times, no answers or disconnected calls or no one takes my insurance. its been a hellish year. i can't find help. i can't function. people keep saying get into care or help or therapy but how????? i can't find anyone and i'm trying so hard. i lost my family and friends and i only have my boyfriend who is tired of dealing with me. i don't qualify for victims compensation because i didn't do a rape kit in 72 hours. my local crisis center only offers support counseling, no therapy or anything else, just someone to talk to. it doesn't help. i can't get prescriptions refilled and i'm running out of time. people tell me to just hang in there but how? life costs money. who is going to take care of me if i can't. i have been hanging in there for a long time. even before i was raped, i was beat and abused by my family. i can't anymore. i have enough meds to overdose on. i think i might grab a final nice dinner and just be over with it. i think i've tried enough, despite everyone telling me otherwise. because it's never enough. not ever. fuck him for ruining the blossoming data analyst with a perfect 4.0 and a dream job. fuck him and every pastor who told me the abuse was my fault. fuck this pos country. thanks for listening. i'm really sorry i have nothing left."
3473,1,High Risk (Suicidal),suicidewatch,theNextVilliage,1562139605,2019-07-03 17:40:05,114,"a lot of traumatic things have happened to me and i am going through things. but the reason i want to end it isn't because of these things, it's because i just can't fake being happy all the time, i can't do it anymore. i'm genuinely happy sometimed, but sometimes i am not and i cannot pretend to be. i am only deeply unhappy 10-15 or less of the time, but when i am i cannot fake it. i have to maintain professionalism in a corporate career and my friends cannot handle when i am down, even if i don't say anything, if i look sad then i am ""bringing everyone down with me."""
2678,1,High Risk (Suicidal),suicidewatch,THE1V9MACHINEE,1565703466,2019-08-13 23:37:46,42,"i just turned 18, i hate my family i hate myself and i hate society. im doing it now, i wont read any comments anymore and as soon as u read this im probably dead already. peace and cya in the afterlife"
3621,1,High Risk (Suicidal),suicidewatch,depressedsandal15,1644254184,2022-02-08 04:16:24,92,i m borderline and ofcourse i lost my job yet again. i take things very personal and it ends up making me paranoid and rageful. felt like i was being bullied ( i was) so i threatened to beat his a in front of people which was stupid. people just bully me and i ll never accept being treated like dirt from employees (customers are different). addicted to cigarettes for 4 years and my face has gone to shit. i m an outcast because cigarettes ruined my appearance. there s no hope
3089,1,High Risk (Suicidal),suicidewatch,TryingToCopeAgain,1555455371,2019-04-17 08:56:11,22,i don't feel the desire to live. i'm going to commit suicide in a month. just enough to take care of everything
3987,1,High Risk (Suicidal),suicidewatch,throwawayrayosunshyn,1622577767,2021-06-02 06:02:47,149,i can't find a job and unemployment is coming to an end. my apartment is way too expensive to not have income even momentarily. so this is it. i've been homeless before. i'm not going through that again. my husband and son will be better off without this extra mouth to feed. i'll wait until hubby gets home from work tonight and then i'll disappear. i can't fucking wait. 41 years of nothing but constant worry and i have nothing left in me to keep going. amp; yes i've been suicidal essentially my entire life every day telling myself at least there's suicide for when you'll need it. amp; yes i know i'll be leaving my husband and son but they deserve so much better than this fucking loser. can't wait. i hope it fucking hurts so much and i get what i deserve. god i fucking hate myself.
3847,1,High Risk (Suicidal),suicidewatch,BillHicksOnAcid,1576935771,2019-12-22 00:42:51,312,"i had somebody who i really liked long-distance, and she just cut things off with me. yesterday she was talking about how she thinks her ex is trying to speak with her again and that she still loves him and can't trust herself to be around him. when i asked if she was going to basically sleep with him, knowing full well we had something planned together, she told me that if she found another guy she was interested in she'd break things off with me instead of doing it behind my back, but that she doesn't go out much so it's not a problem. i couldn't believe she told me that. hurts so fucking much. i have this sinking heart feeling and i'm really tired of this shit. she apologized and i accepted her apology and told her we can still work things out, which was humiliating in itself. then an hour later she turns around and says she's breaking things off with me and that's it. she basically made me accept her apology then tell her things will be okay, only for her to break it off with me. i ended up just cutting contact but i'm just tired, man. i'm really tired of people doing this to me. i just can't deal with this shit any more. she told me her ex used to hit her, and apparently i'm so unfathomably disgusting that even a domestic abuser is more appealing to me. i just don't get it any more and i'm so, so tired of trying to understand why this keeps happening. on top of that i have bills i have to pay, i recently lost my job so i can't afford any of it, i don't know what to do. i don't have any support. i'm visitng my mum for christmas and i just can't deal with this."
2987,1,High Risk (Suicidal),suicidewatch,dyingalone2020,1609452664,2021-01-01 09:11:04,169,"i've been with my wife for 11 years, married for almost 6. we have three beautiful young children. i love her with everything, but we have had some serious problems in the past, with fault on both sides, and she has not been able to forgive past transgressions. over the last 2 months, my wife has been carrying on an emotional affair with a mutual online acquaintance. we have talked about it, fought about it, and eventually she confessed her feelings to him and he reciprocated. they haven't spoken since, because i confronted him and he decided he didn't want to be the reason we split up. she has told me she wants a divorce, and is refusing to go to marriage counseling. she says she doesn't love me anymore. i'm devastated. i have seriously considered killing myself several times, and even had my father in law, whom i see as a father, come pick up my firearms to remove temptation. the only thing stopping me is my kids."
3512,1,High Risk (Suicidal),suicidewatch,throwaway11234129,1583799786,2020-03-10 11:23:06,113,"i was just googling stuff like normal and the thought of living for others sounded cool to me, but when you look that up google recommends you call the hotline. idk if anyone reading this can think of some person or people or a dog or anything to live for and thats cool. it made me happy thinking about it. i can just be a goddamn hero. idec if i die. ill just be the badass that'll climb the tree to save a cat or hold the door open for that old person in a wheelchair. thought this might help someone else out in a tough spot too. i wanna be a hero"
2111,1,High Risk (Suicidal),suicidewatch,JDevine98,1582364596,2020-02-22 20:43:16,169,"i'm 21 and i'm at rock bottom i feel so shit everyday that i hate waking up in the morning, i'm just so lost with life that i dont know what to do. i've got alopecia and ally hair is falling out and i'm scared even more is going to because it just seems to get worse my confidence is non existent and i'm also gay and hating that i ever came out very dated one lad since i was 17 and that's it. is it me am i a horrible person that no one actually wants to speak it explains a lot. i never go out and dont have friends just work all the time pay bill's and go to sleep i dont have any motivation to even feel happy these days i genuinely just dont want to exist but i'm scared of doing it too my family but i just dont want to be here anymore theres so much more going on but too long to type"
3487,1,High Risk (Suicidal),suicidewatch,Ok_Swan9756,1623890978,2021-06-17 10:49:38,180,"it wasn t loaded, but on july 22nd, 2021 i will be ending my life. i am just practicing for it. i am 20m and suffering from horrible depression and insomnia. 3 months ago i was the happiest human being ever, i was literally so full of life and had an awesome girlfriend and tons of friends. i started stressing from school and my stupid brain gave me the worst insomnia ever. i mean like 0-3 hours a night of shit sleep, and no naps during the day. i am completely defeated. gf left me, and i m too dead to do anything fun with my friends. lost a ton of weight and now experiencing erectile dysfunction. i literally can t go on and think about suicide everyday. i can t live with chronic insomnia. i just can t, if god doesn t show me a sign or things don t get better before july 22nd, i m blowing my brains out. edit: i ve tried sleep hygiene, and sleeping medication (hydroxzyine, ambien, melatonin) nothing works. i never feel tired"
3453,1,High Risk (Suicidal),suicidewatch,french_vzla,1602196016,2020-10-09 09:26:56,171,"well, you see, i don't have friends, nor family, nor significant other, hell, i've never been in a relationship to start with. i don't know what it means to love someone. and at this point i don't even care anymore. from the past 4 years the only thing that kept me going was my job, and soon i'm afraid i will lose it, i was stabbed in the back and my bosses are thinking of replacing me. i'm just another cog in the machine... can you be really human without a job?, without friends?, without family? without love?. that's not a human, that's a frikking drone, a soulless machine. and yet, that is what i am. i realized that i don't need to commit suicide. i'm already dead. you know, when you don't have anything. you're no longer afraid of death. no family to mourn you, no significant other to leave behind, not disappointing any friend. death becomes your friend. i wish i had tears, but i don't have feelings anymore."
2383,1,High Risk (Suicidal),suicidewatch,whywhywhyew,1553528151,2019-03-26 02:35:51,23,when someone looks at you with disgust its not a nice feeling but when it's your own mother it literally kills me inside.
3395,1,High Risk (Suicidal),suicidewatch,CalicoInTheShadows,1591593216,2020-06-08 15:13:36,183,"i ve never been an easy kid. i ve always found a way to make trouble for my family, i m a disrespectful lazy retard who doesn t even deserve to be alive, much less waste my family s time and resources. i m so fucking stupid i don t even understand what i did wrong this time. the only way i can imagine making everything right is offing myself, as there is no possible way for me to stay alive and not be the disgusting waste of space i am. it might make my family a bit upset during the aftermath, but i m sure they ll look back and see this was for the better. i just need to figure out how to do it without screwing up like i always do, i don t want to make things even worse by racking up medical bills. i m just so tired of trying my hardest, i m so stupid everything i do makes them mad. i m sorry for being born and i m sorry for making you deal with me"
3054,1,High Risk (Suicidal),suicidewatch,Incognetus,1637611469,2021-11-23 07:04:29,64,i just can t take it anymore. antidepressants don t work. ketamine didn t work. tms didn t work. wilderness therapy stopped working as soon as i came back to society. i can t do anything. i have no motivation. i m just so overwhelmed with everything and just feel worthless. i just don t want to be miserable all the time. fuck life.
2755,1,High Risk (Suicidal),suicidewatch,Low_Philosopher9673,1648304268,2022-03-27 01:17:48,78,"unsure if this is allowed, but i feel quite desperate. last night after a horrific night out clubbing my boyfriend tried to kill himself. he s been unhappy for a while and struggles with substance abuse, but he s never attempted since i ve known him (nearly 3 years). i want to help, or even just provide comfort but i don t know how without sounding condescending or upsetting him further. please please help, i cannot lose him"
2324,1,High Risk (Suicidal),suicidewatch,RedRedOpium333,1650236430,2022-04-18 09:00:30,47,i just can t go on anymore but i don t want to do this to her. i ve already been living in another state for almost a year so she already knows what life is like without me. i hope she s able to find happiness
3623,1,High Risk (Suicidal),suicidewatch,-Bercouli,1605162323,2020-11-12 17:25:23,126,"my life sucks. it's difficult. i've always wondered what would happen if i just did it and ended everything. i don't actively want to die, but the pain when you make a small cut feels good when everything is going bad. i've had good days, but the bad dark cloudy days just block all the sunshine and light from the good days. i'm getting tired of putting up a facade everyday to not worry any family or close friends. everyone thinks i'm happy and content when i'm really not. it's becoming more difficult to hide all the scars that live under my watch as more and more appear. but the pain that i've felt because of these scars just make everything else feel better, just temporarily."
2787,1,High Risk (Suicidal),suicidewatch,first-and-the-last,1617429874,2021-04-03 17:04:34,33,"and it was really bad, though it was my fault. i don't know what to do now. i've tried every form of help, including in person counselling. there's nothing i can do now."
2368,1,High Risk (Suicidal),suicidewatch,AubergineAubergines,1641010442,2022-01-01 15:14:02,993,"i've been depressed since middle school. i've seen multiple therapists, and i've tried medication, different medication, more different medication, meditation, and all the things my therapists recommended. i don't feel any better. i left my fianc e early 2020, right before all the shut downs. i moved back in with my parents. it was very sudden. things were.. rough. for a while. i spent a month or two at the bottom of a bottle, mourning the loss of the woman i wanted to make my wife, but i reconnected with an old friend and made some new ones. i got better, relative to the shell of the person i was when i was drinking. 2020 was hard for most people, but it was the best i'd done socially in a long time. i quit my job because of the pandemic (i was coming into close contact with a lot of strangers, and i didn't feel comfortable continuing to do that since three people in my house were are high risk), but my dad hired me to do some office work for the family business a few months later, so i had some income. my relationship with my parents was never the best, but it genuinely got better for a while there. somewhere along the way, i figured out that i'm trans. it was something i had thought about for a long time, but the cost of actually acknowledging it or doing anything about it seemed to far outweigh any benefit, so i left any gender exploration on the back burner until last year. i grew up religious, so my understanding of anything lgbt related was heavily misinformed until i went to college. it was only after meeting actual gay people and actual straight people (who were not religious) that i figured out that i'm not actually straight (i'm bi pan). i spent a lot of years saying ""sure, i'd love to be a boy, but that doesn't change that i'm a girl."" after a lot of soul searching and working through things with friends, i decided to transition. i saw another therapist to talk about the gender issues and started testosterone. my parents didn't take it well. all my friends are supportive, and my sister uses my new name and he him pronouns, but my parents insist that they ""love me too much"" to ""pretend"" i'm a boy. they think being trans is a mental illness. and, as a mentally ill person, my arguments to the contrary mean very little to them. i haven't asked them to use he him pronouns. i've only asked for my name, but they refuse me even that minor courtesy, citing a ""god given responsibility"" to name me, and, by extension, to deadname me for the rest of my life. it's all bullshit. i've read their bible, and it says nothing of the sort. if anything, their bible is more likely to agree with me, given the many instances of name changes to reflect personal changes throughout the text. i'm tired of people telling me ""they need time to process."" if that were true, i would give them all the time they need. they're not processing. they're in denial. all i ask is the simple courtesy of calling me by a different name, but their prejudices are too great to overcome for the sake of their child. i wish someone close to my parents would ask them: ""do you prefer a son or a corpse?"" i know no one will. anyone close to them would likely agree with them. and if they didn't, i doubt they'd be so blunt. i've lost all but one of the friends from last year, all for different reasons. i am now entirely dependent on that friend, financially and otherwise. i got into a fight with my mother over my name. all i did was say ""that's not my name"" when she deadnamed me, and she began screaming at me ""it is your name"" and going on and on. i screamed back, which was immature, but i'm well past humoring them. it turned into an argument with my dad when i got home. i tried to get my things so i could leave, but he blocked the path to my room. i made it clear i didn't have my keys, and i walked out the front door. he immediately locked it behind me. loudly. it was friday night. next i saw him was monday in the office. i lost my job. (technically, he never officially ""fired"" me, but my accounts were all locked when i got there, and he told me we needed to talk. i sat down to chat with him, but he immediately started in about respect, telling me about how i was in the wrong for the fight my mother started. i told him i didn't like how he was talking to me, and i left.) since then, i've been staying with my friend. we sell things on etsy, so i'm not completely without income, but it's not enough. i know i just need to get another job, but i'm just so tired. i'm still in school (i've been paying my own way, so it's taking me a long time), so my work schedule has to be flexible around my classes, but i don't think i could handle another customer service job the way the world is right now. my cat ran off the night after i left, and i haven't seen him since. it's been months. i don't know if he's dead or alive, but i know that, if he's outside somewhere, he's terrified tonight. there's so many fireworks, so many loud noises he doesn't understand. my parents invited me over for new year's. we've been civil since everything happened, and i went over for christmas, as usual, but i couldn't deal with being deadnamed all night again today. so i'm sitting here, drinking alone, sobbing over my cat."
3819,1,High Risk (Suicidal),suicidewatch,Wheelz95,1634426525,2021-10-17 10:22:05,37,"it's not like i'm now actively looking for ways to die anymore. i have reached the stage where if i die, i'm ok if it happens. i'm not going to try, but i'm fine if it happens."
2069,1,High Risk (Suicidal),suicidewatch,druidindisguise,1587086765,2020-04-17 11:26:05,83,"i found this song about a month ago, and i just keep listening to it... it describes my life so perfectly... all those people who wanted me to achieve something... follow their dreams not mine... people telling me that everything will be better once i've accomplished school... they summed it up perfectly. i recommend everyone on here to give it a listen. it's not my favorite genre, but i love it all the same for what it stands for. so far away ("
2857,1,High Risk (Suicidal),suicidewatch,NotSelfAwareEnough,1643255648,2022-01-27 14:54:08,43,i read somewhere if you feel suicidal you should wait two weeks to see if you still feel that way and if you do then to go through with it. i ve decided to mark today as the start of my two weeks.
3483,1,High Risk (Suicidal),suicidewatch,tonobodysdelight,1607986750,2020-12-15 09:59:10,87,"when i'm happy i've always wanted to live for a long time and experience things, but when i'm sad i just want to die. i'm not even sure why i feel sad anymore. when there's school college i feel so much happier because i'm busy but i literally just want to die now with nothing to do except think bad thoughts. i'd love to end it rn but my parents were so sad when my grandma died that i couldn't do that to them again this yr."
3555,1,High Risk (Suicidal),suicidewatch,gurtr00d,1552502972,2019-03-14 05:49:32,167,"it seems pitiful posting on this, but i m not kidding when i say this, this is my last resort. i have no potential. i have no meaning. the only thing holding me back is the sadness i would cause my family. i ve tried talking to multiple people, but everyone essentially tells me that i shouldn t be feeling like this, and that i m wrong for feeling like this. am i being selfish? if i don t make anyone happy does it even matter if i go? i can t do anything right. everything i do disappoints someone, and i ve been working my ass off for years now to try to make everyone happy, but i can t make anyone happy. i feel worthless, and the fact that all of my peers are having no trouble doing all this makes it that much worse. someone please help, i feel so alone and i can t think of anything else to do at this point."
3691,1,High Risk (Suicidal),suicidewatch,bassbeann,1608339396,2020-12-19 11:56:36,277,"i feel so defeated. i feel the weight of others relying on me. my students rely on me to give them my best every day, coworkers rely on me to lesson plan, my sister relies on me for near constant emotional support as she has been dealing with a substance use disorder, my mom relies on me to be there for my sister so that she doesn't relapse... i came home from work today after sitting outside in a snowstorm for 6 hours to hand out gifts and materials to my students and just lost it over the tiniest thing. i yelled at my partner which now i feel so shitty about because they're the only one who i feel is truly there for me. i don't know why i snapped at them, i don't know why i'm pushing them away. i push and push, and they eventually just distance so they don't get caught in the cross fire of my emotions. the gap between us just grows and grows. it's my fault, and i'm going to end up pushing them so far that we can't repair it. i can't help but feel so deeply misunderstood by almost everyone around me. i'm so tired. i haven't been sleeping well. i wake up in the middle of the night to panic attacks. i feel like i'm suffocating under the weight of my own inadequacy. i am giving so much of myself to others all the time...and i think today i finally realized that now there's nothing left for me. i just don't really know where to go from here. how do i bounce back from my own personality?"
3474,1,High Risk (Suicidal),suicidewatch,not_traceable1440,1605884399,2020-11-21 01:59:59,125,"that's it. i'm done with the world. i'm done with being alone, i'm done being mistreated at work, i'm officially sick of everything. in these 21 years of life the only thing that i've come to know is that i'm not meant to be on this earth. seriously, i'm always the one thinking this world is crazy and i wonder how others can take it and keep smiling. it's honestly so hard, from now on i'm gonna start planning my suicide. i have no intentions on living past my 22nd birthday. i'm done!!! i thought i was finally stable but i guess i was just a fool because the feeling of emptyness never really leaves, it creeps on you on your worst, most vulnerable moment."
3798,1,High Risk (Suicidal),suicidewatch,sironaelif,1611923424,2021-01-29 23:30:24,237,"if one day, if i somehow have the enough courage to end my life, i wouldn't care about what happens in the future. i wouldn't care about the things i'd be missing after my death. i'm so sick of hearing the same thing all over again. i don't want to be 'brave', 'strong' or anything like that. i want to be spoiled, selfish and lazy enough to commit suicide. i want to feel the comfort, i want to give up so bad that i don't care about the pain amp; fear anymore. i used to be so scared of death. i'm not going to lie, i guess i still am. but more i think about death, the more i feel close to ending it all. i'm not that scared anymore. the thought of ending it all is so much better easier than trying to find help. its so fucking impossible. my family hates the idea of suicide to actually sit there and talk to me about it, they rather ignore everything and be 'positive', i don't have friends or anyone close to me, internet is filled with bunch of idiots who thinks that i need to go find a hobby wait for things to work out. even on this sub. i gave up. at least i'm trying to care less, so i won't feel this guilt pain fear anymore. i'm just so close to ending my life."
2478,1,High Risk (Suicidal),suicidewatch,Available-Corgi6663,1641540154,2022-01-07 18:22:34,75,for the last two nights i ve been filled with an overbearing sense of dread that makes me feel like i m going to die in my sleep tonight and i don t want people to think i killed myself. because i do want to but at the same time i can t. i just can t for the sake of those i care about. i just feel like i m going to die tonight
2281,1,High Risk (Suicidal),suicidewatch,666_cookie_ninja,1607559513,2020-12-10 11:18:33,368,"not a native english-speaker so sorry in advance for any grammatical mistakes. tonight, my sister () confessed to me () that she feels suicidal. i've been through this myself, so i know how hard it is to keep going when you feel like you're drowning. she's bright, intelligent and really empathetic, but told me that suicide feels like the only way out of this feeling of hopelessness and sadness. we have a decent family, nothing tragic happened lately so i really think that it's solely about her daily feelings and not about a separate event. i don't think that she have clinical depression, but she do feel incredibly tired and done with everything. when i was in her shoes, i met a new friend that, instead of taking pity on me and begging me to stay alive, debated with me for a whole year on ""reasons why i should live after 28"" (i was 15 at the time and i wanted to commit suicide at 28yo at the latest). but anyway, i don't think that would work with her. she doesn't want the rest of our family to know (which i can understand since i felt the same at her age) and she's lost. i spent the whole evening telling her about how much i love her and how important she is to me and after we talked she eventually cried herself to sleep . for tomorrow, i convinced her to take a day off from school to focus on herself and i plan on making it a ""mental health day"" where i can stay by her side. i love her so much, i'm trying my absolute best to keep her going, but the very thought of her disappearing tetanizes me. i can't loose her. i just can't. she's too precious, i need her so much. anyway, i really need advices on what to do next. after tomorrow, she'll still have to go to class and we'll have to resume our lives. i don't know what i can do to help her and convince her that what she feels isn't permanent and that, eventually, she'll feel better in the future. any thought on this matter is greatly appreciated."
3647,1,High Risk (Suicidal),suicidewatch,oelburner,1560391933,2019-06-13 12:12:13,242,"i don't want to die, i really don't, but sometimes it seems like my only hope for relief. i want to feel alive more than anything, feel a connection to the world. i have everything you could ask for, my health, my family, a woman who loves me, i own a business doing what i love. but i feel incomplete, broken in every sense of the word, my heart, mind, body all of it feels broken and empty. i try to put all the good i can out to the universe just hoping something will come back. i help everyone i can, maybe i'm selfish for hoping to gain something from it. it seems everything i get back is temporary, someone appreciates my effort, but only for a short time until their attention goes elsewhere, or what i gave wasn't good enough, or they only value me for my skills help connection whatever. friendships for me feel shallow and fleeting. it feels like i don't have value as a person, only as tool. i'm not sure what else to do to try and gain a place or a purpose in the world, feel connected, like i belong and have reason to be here. it's driving me to stay here, but slowly taking away my will to live at the same time. i don't know. maybe this is all nonsense but it's been weighing heavy on me and i had to say something."
3556,1,High Risk (Suicidal),suicidewatch,Worried-Seat5678,1608870036,2020-12-25 15:20:36,382,"including keeping communities safe, civil, and true to their purpose. i am only in the first year of medschool but i decided to graduate it and then kms. i really hate myself, i really really do, i see myself as ugly, fat and stupid although no person considers that i am that, but for me other's opinions of me doesn't matter, mine does and i have a veeery poor opinion of myself. i want to kms after college because i am gay, i am sure that i will probably die as a virgin who never even had a kiss because i didn't meet any gay guy irl so far and honestly doubt that anyone would be with me. but maybe at least people won't remember me with disgust, if i finish college and not get married nor even date they would be suspicious and assume that i'm gay, if i suicide then they would think because i had depression, in both cases they would consider me mentally ill but the later would be more ""socially acceptable"". i feel like i was always a disappointment to my parents, they always complained about something and even if i did the opposite they still complained and they only ever cared about their reputation and honestly i truly believe they would prefer a dead son over a gay son because they made such homophobic remarks when asking me if i were gay because i wasn't dating, but i was antisocial specifically to make it look like that's the reason and not because i'm gay. i had a big crush on a guy from another country but he is ignoring me now, i don't think he ever liked me and ... why would he? no one else does. i will just focus on studying and training while being as antisociable as possible to get through college before finally ending my torment and dying in peace. some may ask ""why not do it now?"" the answer is that i would look like a failure, it would make me looks like i couldn't handle college, but if i finish it and pass the final exam with a big grade then it would look like i accomplished something, like i wasn't the complete failure i daily feel that i am."
3729,1,High Risk (Suicidal),suicidewatch,einrufwiedonnerhall,1653771801,2022-05-29 07:03:21,182,"i got my driver s license one month ago, and my mother allowed me drive her leased hyundai kona while i don t have my own car. i got my own car today, but the range was depleted until i recharge it, so i had to take hers once more. when i drove my little sister to a route to walk the dogs today, i scratched the car door really deep at a gate post and she ll probably have to have the entire door replaced. she is already financially struggling because of my father and she froze when i told her, because she already spent so much on me getting a car that she can t pay for the replacement. i am the biggest dumbass in the world, she is probably extremely disappointed in me, because i am such a stupid and expensive child, i want to end this shit stupid gun control laws that don t even allow a .22 or something, i can t get anything that kills me painlessly unless i wanted to commit with a fucking crossbow"
2210,1,High Risk (Suicidal),suicidewatch,Agent_Eclipse,1613708399,2021-02-19 15:19:59,146,"my life has recently regressed so much and after being institutionalized, i find out i have been dealing with trauma and bpd for most of my life. it destroyed relationships, friendships, careers, and it is still destroying my life. i can't find the right mix of medication to keep me afloat, insurance in the us is too expensive, free services make everything so much more difficult. i wasted so many opportunities and years, decades even. the worst part is i can't stop it from happening still even though i know about my condition. i recently gave up my position in my dream country to come back to the us where i was abandoned. i almost killed myself last year, in may, but i got too scared of the pain but it is at least easier to get the things necessary for an easy way out here."
2297,1,High Risk (Suicidal),suicidewatch,chorizovegano,1620754271,2021-05-12 03:31:11,242,"so here's the thing. i'm 26, i live with an abusive father, i have no job and have never had a job because he won't allow me to have one, therefore i have no money to leave or do anything, can't even pay for therapy if i wanted to. i'm not even close to graduating university, i spend most of my life in bed wishing i didn't exist because at this point my life has no meaning and it's just painful and annoying. i am completely numb and i decided on a date to kms. i actually have a plan, i'm a bit worried it won't work and it'll leave me with permanent consequences like making my father mad or something but it's a risk i'll have to take because happiness is a lie, i've never experienced it before and as life seems to be going i'll stay a prisoner in this house forever. like, try to get a job with no job experience at 26 in 2021. try to become independent when all your life you've been trapped and know nothing about the world. i'm tired. even when i asked for help a few years back doctors did absolutely nothing. so i'm guessing this is it. idk. i'm sorry you had to read this, i guess the universe decided someone had to. i'll be enjoying my last week on earth by staying in bed all day and daydreaming about death. sorry."
3884,1,High Risk (Suicidal),suicidewatch,memoli010101,1639893592,2021-12-19 16:59:52,531,hi im 24 male i have lots of things to say in my mind but i cant put it to words and i dont have good english to explain my thoughts very well.i want to talk about my life and what i went through.i had a bad childhood and i have a bad life.what i mean with ''bad life''is im never happy neverr.i mean even if good things happen in my life over and over again i might feel good for a short time then i think ''cmon man it will be over soon you cant be happy if you keep being happy you will be disappointed. since i cant ''be'' happy and satisfied i started searching things to altertative ways to do ''job'' aka drugs at first it was just for fun i was doing casually.first weed than ecstasy lsd and since i was anesthesia technician i started doing iv benzos like midazolam and ketamin.ofc i was stealing them.i kept doing all of those till i ended up injecting 20mg of midazolam whic is 10 times more than avagare dosage.as ( you can guess i blacked out in the hospital bathroom etc etc i overdosed couple of times with benzos.i was so chasing the ''happiness'' i ended up eating 10 mg 100 pills of diazepam in 24 hours and some whiskey again blacked out found by my cous n some time later i realized that i cant be doingg these drugs forever cuz iwas taking too much that i couldnt effort it one day i deciced to try to get prescribtion for drugs cuz again i wanted to be high and be happy couldnt get any.then i went to search weed or anything to get me high again i couldnt find any well last choise was alcohol.and i ended up buying 3 100cc whiskey.in ( the same day i drank it all i had very bad mood while drinking(i wanna add a note here that i m an agnostic that think life is pointless xd maybe cuz i was never happy)even tho i dont remember from what i heard i took bunch of heart pills beta blockers etc.thats it i was in coma for 15 days in i cu.during this ''coma'' i had like near death experience i thought ''like you have to live you cant die u have things to do u have a family that waits you to wake up you cant do this to them''well guess what this thoughts didnt last long after couple of months i was the same man i cant understand the people who had near death experience after nde lots of people change the way they live i mean with more self esteem self confidence etc and here i am still hurting my self cutting my legs also this is not about drugs .i dont do drugs anymore i m just alone i m just tired of being nothing im just tired of not being happy im just tired of not being normal im just tired of trying to be happy and fail again and again im just tired of not knowing anything to do.can you tell me ? sorry for bad english
3833,1,High Risk (Suicidal),suicidewatch,GuiltyFront5,1583723388,2020-03-09 14:09:48,22,"better yet, there's going to be a psychiatrist convention on april 25-29 in philadelphia. go there, bring a gun, and open fire!"
2651,1,High Risk (Suicidal),suicidewatch,_pandarah,1615896364,2021-03-16 23:06:04,325,"i moved out when i was 17 then across the country when i was 19. i m moving home now that i m 25 because i ve had multiple suicide attempts and hospitalizations in the past three years, been depressed and suicidal since i was a 15. i ve fucked up my entire life. i tried to hang myself on sunday and had a break down because i m a weak spineless human being. i called my mom crying and hyperventilating. then my sisters. then my best friend. i ve never called my sisters or my mom after a suicide attempt. i can t do this alone anymore. i ve been staying with friends to distract myself from my ptsd, to feel safe and not alone for the next few days. my mom is coming to see me on monday and we are going to fly home together with my cats. if i stay here any longer i know i would eventually just try to kill myself again. i just feel like a giant waste of space crawling back to my mom who caused me so much trauma in the first place. she s better now but i m still the fuck up of my family. i am still the mess of emotions culminating from my fucked up upbringing who just wanted to be cared for and appreciated but i was never told that. even when i was gone they never said they were proud of me they just wanted me to move back home. well now i m coming back home..on my mental illnesses terms. does this ever get better. will i ever be ok. i m so tired of starting therapy and starting meds and everything new. i just want to be stable and secure. please please please i just want the pain, disappointment and trauma to stop. i hope whoever is reading this is doing ok. i just wanna be ok. please."
3233,1,High Risk (Suicidal),suicidewatch,goingirfire,1641672279,2022-01-09 07:04:39,36,"got so frustrated and triggered this morning that i resorted to my toxic outlet again. its an ongoing cycle... amp; x200b; the day i take my life, will be the same way. i know which arterie."
3502,1,High Risk (Suicidal),suicidewatch,FungalInjection,1588739967,2020-05-06 14:39:27,620,"throughout my entire life my pain was put down as weakness or considered irrelevant by my family. i tried to get their help every way i knew how and every time i did they just made me feel like the problem and i'd feel more alone, unlovable, tainted, worthless. now that i'm older and i've shut myself off from nearly every person in my life emotionally, everyone feigns concern when i'm visibly hurt. my family never cared, but they still want to act like they do, probably just so they can stroke their own egos and so my parents can feel like they've actually helped. all it does is reinforce in my mind just how fucked up they are. recently, my life has gone down the shitter biiiiig time. so much bad shit has happened in the last year that i can genuinely say it has been the single worst year of my life, and that's not an easy thing to be. all of my insecurities and ineptitude are coming to bare in the worst possible ways and right now i feel so so so so so so worthless. it feels like no one understands the pain i feel constantly, every single day. being here, being me, being in my body in my life, it feels like rape. it's gotten to the point where i feel like killing myself wouldn't be enough to show people that no, it really is serious. the latest development in this whole shit show has actually come from the one good thing in my life: my girlfriend. i've been with her for two and a half years, our families get along well, and she actually lifts me up. she has been the healthiest presence that i've ever had in my life and i will never be able to show her how thankful i am for her. where this turns sour is that she has always known that i've had problems. she knows that my family life sucks and that i'm insecure, but i never let her know the extent of it. this would make her feel bad. she'd say that i was ""making her feel like a stranger in her own relationship."" believe me, it's not like i wanted to make her feel that way, but it's not so easy to share the pain you've been harboring your entire life, especially when each time i've tried in the past i was pretty brutally shot down. well, recently i told her everything as best as i could. i told her about the feelings that always remain constant throughout my life, and how my recent circumstances have really inflated those feelings and confirmed my own self hatred. for a few nights i cried as i talked to her about it, and it's not easy for me to cry or show emotion in front of anyone, but i trusted that she would understand. she didn't, at least not really. she basically just told me to ""stop trying to stay sad"" and hearing that from her really hurt me. i mean, here was the one person i actually trusted with my emotions, who i thought might get it, and in the end she was just as dismissive as my family. at this point, it feels so cliche to say that i want to kill myself, and it just makes me feel as weak as my parents think i am to consider it, but that just makes me want it more. no one understands. maybe you guys will, but as it stands now, as far as the people in my life go, it seems pretty unlikely that i will be able to open up again. sorry this was so long."
3931,1,High Risk (Suicidal),suicidewatch,Any-Employer-2570,1642531124,2022-01-19 05:38:44,269,"i will not go into details because we all had problems,traumas,pain...you name it. the idea of suicide it's been on my head for really long time and lately it's getting worst but i must say just don't give up it sounds ultra generic but try to exercise like an animal so far that is working for me because i thought okey if i have to leave this world i might aswell be in crazy good shape(so logic) you literally create new neural-paths on your brain new ways to think about the future, the bad thing is that this is like getting high, it only last for 4-5 hours after you done with running-lifting or whatever you do. moving your body a lot is a game changer probably is not gonna fix your debt or give you a better job but it will make you mentally stronger to face adversity. whoever is out there feeling like shit just give it a try but not a fucking 20min run then jerk off on the shower and go to bed, go and give it all till you feel like fainting then get back home eat a good meal and smash ur head into the pillow if u want to cry do it, wake up repeat and after 30-40 days you will see it try this before dying, it's not rocket science. aside from that i'm speechless seeing so manny people in pain, if we could turn all the mental pain in the world into electricity we could iluminate the fucking entire solar system, keep it people!!! sending lots of love and support"
